fragment.ID.full,fragment.ID,species,genotype,chamber.channel,run,temp.Cat,start.time,stop.time,light_dark,treatment
PV3_D_20_O2,PV3_D,P. verrucosa,3,2,D1,20,4:24:00 AM,4:44:00 AM,dark,enriched
PV6_D_20_O2,PV6_D,P. verrucosa,6,9,D1,20,4:24:00 AM,4:44:00 AM,dark,enriched
PV8_D_20_O2,PV8_D,P. verrucosa,8,6,D1,20,4:24:00 AM,4:44:00 AM,dark,enriched
PV11_D_20_O2,PV11_D,P. verrucosa,11,10,D1,20,4:24:00 AM,4:44:00 AM,dark,enriched
PV21_D_20_O2,PV21_D,P. verrucosa,21,3,D1,20,4:24:00 AM,4:44:00 AM,dark,control
PV29_D_20_O2,PV29_D,P. verrucosa,29,4,D1,20,4:24:00 AM,4:44:00 AM,dark,control
PV30_D_20_O2,PV30_D,P. verrucosa,30,1,D1,20,4:24:00 AM,4:44:00 AM,dark,control
PV32_D_20_O2,PV32_D,P. verrucosa,32,5,D1,20,4:24:00 AM,4:44:00 AM,dark,control
BLANK1_D_20_O2,BLANK1_D,P. verrucosa,BLANK,8,D1,20,4:24:00 AM,4:44:00 AM,dark,BLANK
BLANK2_D_20_O2,BLANK2_D,P. verrucosa,BLANK,7,D1,20,4:24:00 AM,4:44:00 AM,dark,BLANK
PV3_D_22_O2,PV3_D,P. verrucosa,3,2,D1,22,5:12:00 AM,5:33:00 AM,dark,enriched
PV6_D_22_O2,PV6_D,P. verrucosa,6,9,D1,22,5:12:00 AM,5:33:00 AM,dark,enriched
PV8_D_22_O2,PV8_D,P. verrucosa,8,6,D1,22,5:12:00 AM,5:33:00 AM,dark,enriched
PV11_D_22_O2,PV11_D,P. verrucosa,11,10,D1,22,5:12:00 AM,5:33:00 AM,dark,enriched
PV21_D_22_O2,PV21_D,P. verrucosa,21,3,D1,22,5:12:00 AM,5:33:00 AM,dark,control
PV29_D_22_O2,PV29_D,P. verrucosa,29,4,D1,22,5:12:00 AM,5:33:00 AM,dark,control
PV30_D_22_O2,PV30_D,P. verrucosa,30,1,D1,22,5:12:00 AM,5:33:00 AM,dark,control
PV32_D_22_O2,PV32_D,P. verrucosa,32,5,D1,22,5:12:00 AM,5:33:00 AM,dark,control
BLANK1_D_22_O2,BLANK1_D,P. verrucosa,BLANK,8,D1,22,5:12:00 AM,5:33:00 AM,dark,BLANK
BLANK2_D_22_O2,BLANK2_D,P. verrucosa,BLANK,7,D1,22,5:12:00 AM,5:33:00 AM,dark,BLANK
PV3_D_24_O2,PV3_D,P. verrucosa,3,2,D1,24,5:53:00 AM,6:14:00 AM,dark,enriched
PV6_D_24_O2,PV6_D,P. verrucosa,6,9,D1,24,5:53:00 AM,6:14:00 AM,dark,enriched
PV8_D_24_O2,PV8_D,P. verrucosa,8,6,D1,24,5:53:00 AM,6:14:00 AM,dark,enriched
PV11_D_24_O2,PV11_D,P. verrucosa,11,10,D1,24,5:53:00 AM,6:14:00 AM,dark,enriched
PV21_D_24_O2,PV21_D,P. verrucosa,21,3,D1,24,5:53:00 AM,6:14:00 AM,dark,control
PV29_D_24_O2,PV29_D,P. verrucosa,29,4,D1,24,5:53:00 AM,6:14:00 AM,dark,control
PV30_D_24_O2,PV30_D,P. verrucosa,30,1,D1,24,5:53:00 AM,6:14:00 AM,dark,control
PV32_D_24_O2,PV32_D,P. verrucosa,32,5,D1,24,5:53:00 AM,6:14:00 AM,dark,control
BLANK1_D_24_O2,BLANK1_D,P. verrucosa,BLANK,8,D1,24,5:53:00 AM,6:14:00 AM,dark,BLANK
BLANK2_D_24_O2,BLANK2_D,P. verrucosa,BLANK,7,D1,24,5:53:00 AM,6:14:00 AM,dark,BLANK
PV3_D_28_O2,PV3_D,P. verrucosa,3,2,D1,28,6:50:00 AM,7:11:00 AM,dark,enriched
PV6_D_28_O2,PV6_D,P. verrucosa,6,9,D1,28,6:50:00 AM,7:11:00 AM,dark,enriched
PV8_D_28_O2,PV8_D,P. verrucosa,8,6,D1,28,6:50:00 AM,7:11:00 AM,dark,enriched
PV11_D_28_O2,PV11_D,P. verrucosa,11,10,D1,28,6:50:00 AM,7:11:00 AM,dark,enriched
PV21_D_28_O2,PV21_D,P. verrucosa,21,3,D1,28,6:50:00 AM,7:11:00 AM,dark,control
PV29_D_28_O2,PV29_D,P. verrucosa,29,4,D1,28,6:50:00 AM,7:11:00 AM,dark,control
PV30_D_28_O2,PV30_D,P. verrucosa,30,1,D1,28,6:50:00 AM,7:11:00 AM,dark,control
PV32_D_28_O2,PV32_D,P. verrucosa,32,5,D1,28,6:50:00 AM,7:11:00 AM,dark,control
BLANK1_D_28_O2,BLANK1_D,P. verrucosa,BLANK,8,D1,28,6:50:00 AM,7:11:00 AM,dark,BLANK
BLANK2_D_28_O2,BLANK2_D,P. verrucosa,BLANK,7,D1,28,6:50:00 AM,7:11:00 AM,dark,BLANK
PV3_D_30_O2,PV3_D,P. verrucosa,3,2,D1,30,7:33:00 AM,7:53:00 AM,dark,enriched
PV6_D_30_O2,PV6_D,P. verrucosa,6,9,D1,30,7:33:00 AM,7:53:00 AM,dark,enriched
PV8_D_30_O2,PV8_D,P. verrucosa,8,6,D1,30,7:33:00 AM,7:53:00 AM,dark,enriched
PV11_D_30_O2,PV11_D,P. verrucosa,11,10,D1,30,7:33:00 AM,7:53:00 AM,dark,enriched
PV21_D_30_O2,PV21_D,P. verrucosa,21,3,D1,30,7:33:00 AM,7:53:00 AM,dark,control
PV29_D_30_O2,PV29_D,P. verrucosa,29,4,D1,30,7:33:00 AM,7:53:00 AM,dark,control
PV30_D_30_O2,PV30_D,P. verrucosa,30,1,D1,30,7:33:00 AM,7:53:00 AM,dark,control
PV32_D_30_O2,PV32_D,P. verrucosa,32,5,D1,30,7:33:00 AM,7:53:00 AM,dark,control
BLANK1_D_30_O2,BLANK1_D,P. verrucosa,BLANK,8,D1,30,7:33:00 AM,7:53:00 AM,dark,BLANK
BLANK2_D_30_O2,BLANK2_D,P. verrucosa,BLANK,7,D1,30,7:33:00 AM,7:53:00 AM,dark,BLANK
PV3_D_32_O2,PV3_D,P. verrucosa,3,2,D1,32,8:15:00 AM,8:35:00 AM,dark,enriched
PV6_D_32_O2,PV6_D,P. verrucosa,6,9,D1,32,8:15:00 AM,8:35:00 AM,dark,enriched
PV8_D_32_O2,PV8_D,P. verrucosa,8,6,D1,32,8:15:00 AM,8:35:00 AM,dark,enriched
PV11_D_32_O2,PV11_D,P. verrucosa,11,10,D1,32,8:15:00 AM,8:35:00 AM,dark,enriched
PV21_D_32_O2,PV21_D,P. verrucosa,21,3,D1,32,8:15:00 AM,8:35:00 AM,dark,control
PV29_D_32_O2,PV29_D,P. verrucosa,29,4,D1,32,8:15:00 AM,8:35:00 AM,dark,control
PV30_D_32_O2,PV30_D,P. verrucosa,30,1,D1,32,8:15:00 AM,8:35:00 AM,dark,control
PV32_D_32_O2,PV32_D,P. verrucosa,32,5,D1,32,8:15:00 AM,8:35:00 AM,dark,control
BLANK1_D_32_O2,BLANK1_D,P. verrucosa,BLANK,8,D1,32,8:15:00 AM,8:35:00 AM,dark,BLANK
BLANK2_D_32_O2,BLANK2_D,P. verrucosa,BLANK,7,D1,32,8:15:00 AM,8:35:00 AM,dark,BLANK
PV3_D_34_O2,PV3_D,P. verrucosa,3,2,D1,34,8:55:00 AM,9:15:00 AM,dark,enriched
PV6_D_34_O2,PV6_D,P. verrucosa,6,9,D1,34,8:55:00 AM,9:15:00 AM,dark,enriched
PV8_D_34_O2,PV8_D,P. verrucosa,8,6,D1,34,8:55:00 AM,9:15:00 AM,dark,enriched
PV11_D_34_O2,PV11_D,P. verrucosa,11,10,D1,34,8:55:00 AM,9:15:00 AM,dark,enriched
PV21_D_34_O2,PV21_D,P. verrucosa,21,3,D1,34,8:55:00 AM,9:15:00 AM,dark,control
PV29_D_34_O2,PV29_D,P. verrucosa,29,4,D1,34,8:55:00 AM,9:15:00 AM,dark,control
PV30_D_34_O2,PV30_D,P. verrucosa,30,1,D1,34,8:55:00 AM,9:15:00 AM,dark,control
PV32_D_34_O2,PV32_D,P. verrucosa,32,5,D1,34,8:55:00 AM,9:15:00 AM,dark,control
BLANK1_D_34_O2,BLANK1_D,P. verrucosa,BLANK,8,D1,34,8:55:00 AM,9:15:00 AM,dark,BLANK
BLANK2_D_34_O2,BLANK2_D,P. verrucosa,BLANK,7,D1,34,8:55:00 AM,9:15:00 AM,dark,BLANK
PV3_D_36_O2,PV3_D,P. verrucosa,3,2,D1,36,9:36:00 AM,9:56:00 AM,dark,enriched
PV6_D_36_O2,PV6_D,P. verrucosa,6,9,D1,36,9:36:00 AM,9:56:00 AM,dark,enriched
PV8_D_36_O2,PV8_D,P. verrucosa,8,6,D1,36,9:36:00 AM,9:56:00 AM,dark,enriched
PV11_D_36_O2,PV11_D,P. verrucosa,11,10,D1,36,9:36:00 AM,9:56:00 AM,dark,enriched
PV21_D_36_O2,PV21_D,P. verrucosa,21,3,D1,36,9:36:00 AM,9:56:00 AM,dark,control
PV29_D_36_O2,PV29_D,P. verrucosa,29,4,D1,36,9:36:00 AM,9:56:00 AM,dark,control
PV30_D_36_O2,PV30_D,P. verrucosa,30,1,D1,36,9:36:00 AM,9:56:00 AM,dark,control
PV32_D_36_O2,PV32_D,P. verrucosa,32,5,D1,36,9:36:00 AM,9:56:00 AM,dark,control
BLANK1_D_36_O2,BLANK1_D,P. verrucosa,BLANK,8,D1,36,9:36:00 AM,9:56:00 AM,dark,BLANK
BLANK2_D_36_O2,BLANK2_D,P. verrucosa,BLANK,7,D1,36,9:36:00 AM,9:56:00 AM,dark,BLANK
PV3_D_37_O2,PV3_D,P. verrucosa,3,2,D1,37,10:14:00 AM,10:34:00 AM,dark,enriched
PV6_D_37_O2,PV6_D,P. verrucosa,6,9,D1,37,10:14:00 AM,10:34:00 AM,dark,enriched
PV8_D_37_O2,PV8_D,P. verrucosa,8,6,D1,37,10:14:00 AM,10:34:00 AM,dark,enriched
PV11_D_37_O2,PV11_D,P. verrucosa,11,10,D1,37,10:14:00 AM,10:34:00 AM,dark,enriched
PV21_D_37_O2,PV21_D,P. verrucosa,21,3,D1,37,10:14:00 AM,10:34:00 AM,dark,control
PV29_D_37_O2,PV29_D,P. verrucosa,29,4,D1,37,10:14:00 AM,10:34:00 AM,dark,control
PV30_D_37_O2,PV30_D,P. verrucosa,30,1,D1,37,10:14:00 AM,10:34:00 AM,dark,control
PV32_D_37_O2,PV32_D,P. verrucosa,32,5,D1,37,10:14:00 AM,10:34:00 AM,dark,control
BLANK1_D_37_O2,BLANK1_D,P. verrucosa,BLANK,8,D1,37,10:14:00 AM,10:34:00 AM,dark,BLANK
BLANK2_D_37_O2,BLANK2_D,P. verrucosa,BLANK,7,D1,37,10:14:00 AM,10:34:00 AM,dark,BLANK
PV3_D_38_O2,PV3_D,P. verrucosa,3,2,D1,38,10:50:00 AM,11:10:00 AM,dark,enriched
PV6_D_38_O2,PV6_D,P. verrucosa,6,9,D1,38,10:50:00 AM,11:10:00 AM,dark,enriched
PV8_D_38_O2,PV8_D,P. verrucosa,8,6,D1,38,10:50:00 AM,11:10:00 AM,dark,enriched
PV11_D_38_O2,PV11_D,P. verrucosa,11,10,D1,38,10:50:00 AM,11:10:00 AM,dark,enriched
PV21_D_38_O2,PV21_D,P. verrucosa,21,3,D1,38,10:50:00 AM,11:10:00 AM,dark,control
PV29_D_38_O2,PV29_D,P. verrucosa,29,4,D1,38,10:50:00 AM,11:10:00 AM,dark,control
PV30_D_38_O2,PV30_D,P. verrucosa,30,1,D1,38,10:50:00 AM,11:10:00 AM,dark,control
PV32_D_38_O2,PV32_D,P. verrucosa,32,5,D1,38,10:50:00 AM,11:10:00 AM,dark,control
BLANK1_D_38_O2,BLANK1_D,P. verrucosa,BLANK,8,D1,38,10:50:00 AM,11:10:00 AM,dark,BLANK
BLANK2_D_38_O2,BLANK2_D,P. verrucosa,BLANK,7,D1,38,10:50:00 AM,11:10:00 AM,dark,BLANK
PV3_D_39_O2,PV3_D,P. verrucosa,3,2,D1,39,11:30:00 AM,11:50:00 AM,dark,enriched
PV6_D_39_O2,PV6_D,P. verrucosa,6,9,D1,39,11:30:00 AM,11:50:00 AM,dark,enriched
PV8_D_39_O2,PV8_D,P. verrucosa,8,6,D1,39,11:30:00 AM,11:50:00 AM,dark,enriched
PV11_D_39_O2,PV11_D,P. verrucosa,11,10,D1,39,11:30:00 AM,11:50:00 AM,dark,enriched
PV21_D_39_O2,PV21_D,P. verrucosa,21,3,D1,39,11:30:00 AM,11:50:00 AM,dark,control
PV29_D_39_O2,PV29_D,P. verrucosa,29,4,D1,39,11:30:00 AM,11:50:00 AM,dark,control
PV30_D_39_O2,PV30_D,P. verrucosa,30,1,D1,39,11:30:00 AM,11:50:00 AM,dark,control
PV32_D_39_O2,PV32_D,P. verrucosa,32,5,D1,39,11:30:00 AM,11:50:00 AM,dark,control
BLANK1_D_39_O2,BLANK1_D,P. verrucosa,BLANK,8,D1,39,11:30:00 AM,11:50:00 AM,dark,BLANK
BLANK2_D_39_O2,BLANK2_D,P. verrucosa,BLANK,7,D1,39,11:30:00 AM,11:50:00 AM,dark,BLANK
PV3_L_20_O2,PV3_L,P. verrucosa,3,2,L1,20,12:57:00 PM,1:17:00 PM,light,enriched
PV6_L_20_O2,PV6_L,P. verrucosa,6,5,L1,20,12:57:00 PM,1:17:00 PM,light,enriched
PV8_L_20_O2,PV8_L,P. verrucosa,8,4,L1,20,12:57:00 PM,1:17:00 PM,light,enriched
PV11_L_20_O2,PV11_L,P. verrucosa,11,6,L1,20,12:57:00 PM,1:17:00 PM,light,enriched
PV21_L_20_O2,PV21_L,P. verrucosa,21,10,L1,20,12:57:00 PM,1:17:00 PM,light,control
PV29_L_20_O2,PV29_L,P. verrucosa,29,3,L1,20,12:57:00 PM,1:17:00 PM,light,control
PV30_L_20_O2,PV30_L,P. verrucosa,30,7,L1,20,12:57:00 PM,1:17:00 PM,light,control
PV32_L_20_O2,PV32_L,P. verrucosa,32,9,L1,20,12:57:00 PM,1:17:00 PM,light,control
BLANK1_L_20_O2,BLANK1_L,P. verrucosa,BLANK,8,L1,20,12:57:00 PM,1:17:00 PM,light,BLANK
BLANK2_L_20_O2,BLANK2_L,P. verrucosa,BLANK,1,L1,20,12:57:00 PM,1:17:00 PM,light,BLANK
PV3_L_22_O2,PV3_L,P. verrucosa,3,2,L1,22,1:35:00 PM,1:55:00 PM,light,enriched
PV6_L_22_O2,PV6_L,P. verrucosa,6,5,L1,22,1:35:00 PM,1:55:00 PM,light,enriched
PV8_L_22_O2,PV8_L,P. verrucosa,8,4,L1,22,1:35:00 PM,1:55:00 PM,light,enriched
PV11_L_22_O2,PV11_L,P. verrucosa,11,6,L1,22,1:35:00 PM,1:55:00 PM,light,enriched
PV21_L_22_O2,PV21_L,P. verrucosa,21,10,L1,22,1:35:00 PM,1:55:00 PM,light,control
PV29_L_22_O2,PV29_L,P. verrucosa,29,3,L1,22,1:35:00 PM,1:55:00 PM,light,control
PV30_L_22_O2,PV30_L,P. verrucosa,30,7,L1,22,1:35:00 PM,1:55:00 PM,light,control
PV32_L_22_O2,PV32_L,P. verrucosa,32,9,L1,22,1:35:00 PM,1:55:00 PM,light,control
BLANK1_L_22_O2,BLANK1_L,P. verrucosa,BLANK,8,L1,22,1:35:00 PM,1:55:00 PM,light,BLANK
BLANK2_L_22_O2,BLANK2_L,P. verrucosa,BLANK,1,L1,22,1:35:00 PM,1:55:00 PM,light,BLANK
PV3_L_24_O2,PV3_L,P. verrucosa,3,2,L1,24,2:11:00 PM,2:31:00 PM,light,enriched
PV6_L_24_O2,PV6_L,P. verrucosa,6,5,L1,24,2:11:00 PM,2:31:00 PM,light,enriched
PV8_L_24_O2,PV8_L,P. verrucosa,8,4,L1,24,2:11:00 PM,2:31:00 PM,light,enriched
PV11_L_24_O2,PV11_L,P. verrucosa,11,6,L1,24,2:11:00 PM,2:31:00 PM,light,enriched
PV21_L_24_O2,PV21_L,P. verrucosa,21,10,L1,24,2:11:00 PM,2:31:00 PM,light,control
PV29_L_24_O2,PV29_L,P. verrucosa,29,3,L1,24,2:11:00 PM,2:31:00 PM,light,control
PV30_L_24_O2,PV30_L,P. verrucosa,30,7,L1,24,2:11:00 PM,2:31:00 PM,light,control
PV32_L_24_O2,PV32_L,P. verrucosa,32,9,L1,24,2:11:00 PM,2:31:00 PM,light,control
BLANK1_L_24_O2,BLANK1_L,P. verrucosa,BLANK,8,L1,24,2:11:00 PM,2:31:00 PM,light,BLANK
BLANK2_L_24_O2,BLANK2_L,P. verrucosa,BLANK,1,L1,24,2:11:00 PM,2:31:00 PM,light,BLANK
PV3_L_28_O2,PV3_L,P. verrucosa,3,2,L1,28,3:07:00 PM,3:27:00 PM,light,enriched
PV6_L_28_O2,PV6_L,P. verrucosa,6,5,L1,28,3:07:00 PM,3:27:00 PM,light,enriched
PV8_L_28_O2,PV8_L,P. verrucosa,8,4,L1,28,3:07:00 PM,3:27:00 PM,light,enriched
PV11_L_28_O2,PV11_L,P. verrucosa,11,6,L1,28,3:07:00 PM,3:27:00 PM,light,enriched
PV21_L_28_O2,PV21_L,P. verrucosa,21,10,L1,28,3:07:00 PM,3:27:00 PM,light,control
PV29_L_28_O2,PV29_L,P. verrucosa,29,3,L1,28,3:07:00 PM,3:27:00 PM,light,control
PV30_L_28_O2,PV30_L,P. verrucosa,30,7,L1,28,3:07:00 PM,3:27:00 PM,light,control
PV32_L_28_O2,PV32_L,P. verrucosa,32,9,L1,28,3:07:00 PM,3:27:00 PM,light,control
BLANK1_L_28_O2,BLANK1_L,P. verrucosa,BLANK,8,L1,28,3:07:00 PM,3:27:00 PM,light,BLANK
BLANK2_L_28_O2,BLANK2_L,P. verrucosa,BLANK,1,L1,28,3:07:00 PM,3:27:00 PM,light,BLANK
PV3_L_30_O2,PV3_L,P. verrucosa,3,2,L1,30,3:45:00 PM,4:07:00 PM,light,enriched
PV6_L_30_O2,PV6_L,P. verrucosa,6,5,L1,30,3:45:00 PM,4:07:00 PM,light,enriched
PV8_L_30_O2,PV8_L,P. verrucosa,8,4,L1,30,3:45:00 PM,4:07:00 PM,light,enriched
PV11_L_30_O2,PV11_L,P. verrucosa,11,6,L1,30,3:45:00 PM,4:07:00 PM,light,enriched
PV21_L_30_O2,PV21_L,P. verrucosa,21,10,L1,30,3:45:00 PM,4:07:00 PM,light,control
PV29_L_30_O2,PV29_L,P. verrucosa,29,3,L1,30,3:45:00 PM,4:07:00 PM,light,control
PV30_L_30_O2,PV30_L,P. verrucosa,30,7,L1,30,3:45:00 PM,4:07:00 PM,light,control
PV32_L_30_O2,PV32_L,P. verrucosa,32,9,L1,30,3:45:00 PM,4:07:00 PM,light,control
BLANK1_L_30_O2,BLANK1_L,P. verrucosa,BLANK,8,L1,30,3:45:00 PM,4:07:00 PM,light,BLANK
BLANK2_L_30_O2,BLANK2_L,P. verrucosa,BLANK,1,L1,30,3:45:00 PM,4:07:00 PM,light,BLANK
PV3_L_32_O2,PV3_L,P. verrucosa,3,2,L1,32,4:24:00 PM,4:44:00 PM,light,enriched
PV6_L_32_O2,PV6_L,P. verrucosa,6,5,L1,32,4:24:00 PM,4:44:00 PM,light,enriched
PV8_L_32_O2,PV8_L,P. verrucosa,8,4,L1,32,4:24:00 PM,4:44:00 PM,light,enriched
PV11_L_32_O2,PV11_L,P. verrucosa,11,6,L1,32,4:24:00 PM,4:44:00 PM,light,enriched
PV21_L_32_O2,PV21_L,P. verrucosa,21,10,L1,32,4:24:00 PM,4:44:00 PM,light,control
PV29_L_32_O2,PV29_L,P. verrucosa,29,3,L1,32,4:24:00 PM,4:44:00 PM,light,control
PV30_L_32_O2,PV30_L,P. verrucosa,30,7,L1,32,4:24:00 PM,4:44:00 PM,light,control
PV32_L_32_O2,PV32_L,P. verrucosa,32,9,L1,32,4:24:00 PM,4:44:00 PM,light,control
BLANK1_L_32_O2,BLANK1_L,P. verrucosa,BLANK,8,L1,32,4:24:00 PM,4:44:00 PM,light,BLANK
BLANK2_L_32_O2,BLANK2_L,P. verrucosa,BLANK,1,L1,32,4:24:00 PM,4:44:00 PM,light,BLANK
PV3_L_34_O2,PV3_L,P. verrucosa,3,2,L1,34,5:01:00 PM,5:22:00 PM,light,enriched
PV6_L_34_O2,PV6_L,P. verrucosa,6,5,L1,34,5:01:00 PM,5:22:00 PM,light,enriched
PV8_L_34_O2,PV8_L,P. verrucosa,8,4,L1,34,5:01:00 PM,5:22:00 PM,light,enriched
PV11_L_34_O2,PV11_L,P. verrucosa,11,6,L1,34,5:01:00 PM,5:22:00 PM,light,enriched
PV21_L_34_O2,PV21_L,P. verrucosa,21,10,L1,34,5:01:00 PM,5:22:00 PM,light,control
PV29_L_34_O2,PV29_L,P. verrucosa,29,3,L1,34,5:01:00 PM,5:22:00 PM,light,control
PV30_L_34_O2,PV30_L,P. verrucosa,30,7,L1,34,5:01:00 PM,5:22:00 PM,light,control
PV32_L_34_O2,PV32_L,P. verrucosa,32,9,L1,34,5:01:00 PM,5:22:00 PM,light,control
BLANK1_L_34_O2,BLANK1_L,P. verrucosa,BLANK,8,L1,34,5:01:00 PM,5:22:00 PM,light,BLANK
BLANK2_L_34_O2,BLANK2_L,P. verrucosa,BLANK,1,L1,34,5:01:00 PM,5:22:00 PM,light,BLANK
PV3_L_36_O2,PV3_L,P. verrucosa,3,2,L1,36,5:37:00 PM,5:57:00 PM,light,enriched
PV6_L_36_O2,PV6_L,P. verrucosa,6,5,L1,36,5:37:00 PM,5:57:00 PM,light,enriched
PV8_L_36_O2,PV8_L,P. verrucosa,8,4,L1,36,5:37:00 PM,5:57:00 PM,light,enriched
PV11_L_36_O2,PV11_L,P. verrucosa,11,6,L1,36,5:37:00 PM,5:57:00 PM,light,enriched
PV21_L_36_O2,PV21_L,P. verrucosa,21,10,L1,36,5:37:00 PM,5:57:00 PM,light,control
PV29_L_36_O2,PV29_L,P. verrucosa,29,3,L1,36,5:37:00 PM,5:57:00 PM,light,control
PV30_L_36_O2,PV30_L,P. verrucosa,30,7,L1,36,5:37:00 PM,5:57:00 PM,light,control
PV32_L_36_O2,PV32_L,P. verrucosa,32,9,L1,36,5:37:00 PM,5:57:00 PM,light,control
BLANK1_L_36_O2,BLANK1_L,P. verrucosa,BLANK,8,L1,36,5:37:00 PM,5:57:00 PM,light,BLANK
BLANK2_L_36_O2,BLANK2_L,P. verrucosa,BLANK,1,L1,36,5:37:00 PM,5:57:00 PM,light,BLANK
PV3_L_37_O2,PV3_L,P. verrucosa,3,2,L1,37,6:07:00 PM,6:27:00 PM,light,enriched
PV6_L_37_O2,PV6_L,P. verrucosa,6,5,L1,37,6:07:00 PM,6:27:00 PM,light,enriched
PV8_L_37_O2,PV8_L,P. verrucosa,8,4,L1,37,6:07:00 PM,6:27:00 PM,light,enriched
PV11_L_37_O2,PV11_L,P. verrucosa,11,6,L1,37,6:07:00 PM,6:27:00 PM,light,enriched
PV21_L_37_O2,PV21_L,P. verrucosa,21,10,L1,37,6:07:00 PM,6:27:00 PM,light,control
PV29_L_37_O2,PV29_L,P. verrucosa,29,3,L1,37,6:07:00 PM,6:27:00 PM,light,control
PV30_L_37_O2,PV30_L,P. verrucosa,30,7,L1,37,6:07:00 PM,6:27:00 PM,light,control
PV32_L_37_O2,PV32_L,P. verrucosa,32,9,L1,37,6:07:00 PM,6:27:00 PM,light,control
BLANK1_L_37_O2,BLANK1_L,P. verrucosa,BLANK,8,L1,37,6:07:00 PM,6:27:00 PM,light,BLANK
BLANK2_L_37_O2,BLANK2_L,P. verrucosa,BLANK,1,L1,37,6:07:00 PM,6:27:00 PM,light,BLANK
PV1_D_20_O2,PV1_D,P. verrucosa,1,8,D2,20,3:58:00 AM,4:18:00 AM,dark,enriched
PV2_D_20_O2,PV2_D,P. verrucosa,2,4,D2,20,3:58:00 AM,4:18:00 AM,dark,enriched
PV7_D_20_O2,PV7_D,P. verrucosa,7,5,D2,20,3:58:00 AM,4:18:00 AM,dark,enriched
PV13_D_20_O2,PV13_D,P. verrucosa,13,2,D2,20,3:58:00 AM,4:18:00 AM,dark,enriched
PV17_D_20_O2,PV17_D,P. verrucosa,17,6,D2,20,3:58:00 AM,4:18:00 AM,dark,control
PV19_D_20_O2,PV19_D,P. verrucosa,19,3,D2,20,3:58:00 AM,4:18:00 AM,dark,control
PV23_D_20_O2,PV23_D,P. verrucosa,23,9,D2,20,3:58:00 AM,4:18:00 AM,dark,control
PV25_D_20_O2,PV25_D,P. verrucosa,25,1,D2,20,3:58:00 AM,4:18:00 AM,dark,control
BLANK3_D_20_O2,BLANK3_D,P. verrucosa,BLANK,7,D2,20,3:58:00 AM,4:18:00 AM,dark,BLANK
BLANK4_D_20_O2,BLANK4_D,P. verrucosa,BLANK,10,D2,20,3:58:00 AM,4:18:00 AM,dark,BLANK
PV1_D_22_O2,PV1_D,P. verrucosa,1,8,D2,22,4:33:00 AM,4:53:00 AM,dark,enriched
PV2_D_22_O2,PV2_D,P. verrucosa,2,4,D2,22,4:33:00 AM,4:53:00 AM,dark,enriched
PV7_D_22_O2,PV7_D,P. verrucosa,7,5,D2,22,4:33:00 AM,4:53:00 AM,dark,enriched
PV13_D_22_O2,PV13_D,P. verrucosa,13,2,D2,22,4:33:00 AM,4:53:00 AM,dark,enriched
PV17_D_22_O2,PV17_D,P. verrucosa,17,6,D2,22,4:33:00 AM,4:53:00 AM,dark,control
PV19_D_22_O2,PV19_D,P. verrucosa,19,3,D2,22,4:33:00 AM,4:53:00 AM,dark,control
PV23_D_22_O2,PV23_D,P. verrucosa,23,9,D2,22,4:33:00 AM,4:53:00 AM,dark,control
PV25_D_22_O2,PV25_D,P. verrucosa,25,1,D2,22,4:33:00 AM,4:53:00 AM,dark,control
BLANK3_D_22_O2,BLANK3_D,P. verrucosa,BLANK,7,D2,22,4:33:00 AM,4:53:00 AM,dark,BLANK
BLANK4_D_22_O2,BLANK4_D,P. verrucosa,BLANK,10,D2,22,4:33:00 AM,4:53:00 AM,dark,BLANK
PV1_D_24_O2,PV1_D,P. verrucosa,1,8,D2,24,5:09:00 AM,5:29:00 AM,dark,enriched
PV2_D_24_O2,PV2_D,P. verrucosa,2,4,D2,24,5:09:00 AM,5:29:00 AM,dark,enriched
PV7_D_24_O2,PV7_D,P. verrucosa,7,5,D2,24,5:09:00 AM,5:29:00 AM,dark,enriched
PV13_D_24_O2,PV13_D,P. verrucosa,13,2,D2,24,5:09:00 AM,5:29:00 AM,dark,enriched
PV17_D_24_O2,PV17_D,P. verrucosa,17,6,D2,24,5:09:00 AM,5:29:00 AM,dark,control
PV19_D_24_O2,PV19_D,P. verrucosa,19,3,D2,24,5:09:00 AM,5:29:00 AM,dark,control
PV23_D_24_O2,PV23_D,P. verrucosa,23,9,D2,24,5:09:00 AM,5:29:00 AM,dark,control
PV25_D_24_O2,PV25_D,P. verrucosa,25,1,D2,24,5:09:00 AM,5:29:00 AM,dark,control
BLANK3_D_24_O2,BLANK3_D,P. verrucosa,BLANK,7,D2,24,5:09:00 AM,5:29:00 AM,dark,BLANK
BLANK4_D_24_O2,BLANK4_D,P. verrucosa,BLANK,10,D2,24,5:09:00 AM,5:29:00 AM,dark,BLANK
PV1_D_28_O2,PV1_D,P. verrucosa,1,8,D2,28,5:56:00 AM,6:16:00 AM,dark,enriched
PV2_D_28_O2,PV2_D,P. verrucosa,2,4,D2,28,5:56:00 AM,6:16:00 AM,dark,enriched
PV7_D_28_O2,PV7_D,P. verrucosa,7,5,D2,28,5:56:00 AM,6:16:00 AM,dark,enriched
PV13_D_28_O2,PV13_D,P. verrucosa,13,2,D2,28,5:56:00 AM,6:16:00 AM,dark,enriched
PV17_D_28_O2,PV17_D,P. verrucosa,17,6,D2,28,5:56:00 AM,6:16:00 AM,dark,control
PV19_D_28_O2,PV19_D,P. verrucosa,19,3,D2,28,5:56:00 AM,6:16:00 AM,dark,control
PV23_D_28_O2,PV23_D,P. verrucosa,23,9,D2,28,5:56:00 AM,6:16:00 AM,dark,control
PV25_D_28_O2,PV25_D,P. verrucosa,25,1,D2,28,5:56:00 AM,6:16:00 AM,dark,control
BLANK3_D_28_O2,BLANK3_D,P. verrucosa,BLANK,7,D2,28,5:56:00 AM,6:16:00 AM,dark,BLANK
BLANK4_D_28_O2,BLANK4_D,P. verrucosa,BLANK,10,D2,28,5:56:00 AM,6:16:00 AM,dark,BLANK
PV1_D_30_O2,PV1_D,P. verrucosa,1,8,D2,30,6:31:00 AM,6:51:00 AM,dark,enriched
PV2_D_30_O2,PV2_D,P. verrucosa,2,4,D2,30,6:31:00 AM,6:51:00 AM,dark,enriched
PV7_D_30_O2,PV7_D,P. verrucosa,7,5,D2,30,6:31:00 AM,6:51:00 AM,dark,enriched
PV13_D_30_O2,PV13_D,P. verrucosa,13,2,D2,30,6:31:00 AM,6:51:00 AM,dark,enriched
PV17_D_30_O2,PV17_D,P. verrucosa,17,6,D2,30,6:31:00 AM,6:51:00 AM,dark,control
PV19_D_30_O2,PV19_D,P. verrucosa,19,3,D2,30,6:31:00 AM,6:51:00 AM,dark,control
PV23_D_30_O2,PV23_D,P. verrucosa,23,9,D2,30,6:31:00 AM,6:51:00 AM,dark,control
PV25_D_30_O2,PV25_D,P. verrucosa,25,1,D2,30,6:31:00 AM,6:51:00 AM,dark,control
BLANK3_D_30_O2,BLANK3_D,P. verrucosa,BLANK,7,D2,30,6:31:00 AM,6:51:00 AM,dark,BLANK
BLANK4_D_30_O2,BLANK4_D,P. verrucosa,BLANK,10,D2,30,6:31:00 AM,6:51:00 AM,dark,BLANK
PV1_D_32_O2,PV1_D,P. verrucosa,1,8,D2,32,7:03:00 AM,7:25:00 AM,dark,enriched
PV2_D_32_O2,PV2_D,P. verrucosa,2,4,D2,32,7:03:00 AM,7:25:00 AM,dark,enriched
PV7_D_32_O2,PV7_D,P. verrucosa,7,5,D2,32,7:03:00 AM,7:25:00 AM,dark,enriched
PV13_D_32_O2,PV13_D,P. verrucosa,13,2,D2,32,7:03:00 AM,7:25:00 AM,dark,enriched
PV17_D_32_O2,PV17_D,P. verrucosa,17,6,D2,32,7:03:00 AM,7:25:00 AM,dark,control
PV19_D_32_O2,PV19_D,P. verrucosa,19,3,D2,32,7:03:00 AM,7:25:00 AM,dark,control
PV23_D_32_O2,PV23_D,P. verrucosa,23,9,D2,32,7:03:00 AM,7:25:00 AM,dark,control
PV25_D_32_O2,PV25_D,P. verrucosa,25,1,D2,32,7:03:00 AM,7:25:00 AM,dark,control
BLANK3_D_32_O2,BLANK3_D,P. verrucosa,BLANK,7,D2,32,7:03:00 AM,7:25:00 AM,dark,BLANK
BLANK4_D_32_O2,BLANK4_D,P. verrucosa,BLANK,10,D2,32,7:03:00 AM,7:25:00 AM,dark,BLANK
PV1_D_34_O2,PV1_D,P. verrucosa,1,8,D2,34,7:41:00 AM,8:01:00 AM,dark,enriched
PV2_D_34_O2,PV2_D,P. verrucosa,2,4,D2,34,7:41:00 AM,8:01:00 AM,dark,enriched
PV7_D_34_O2,PV7_D,P. verrucosa,7,5,D2,34,7:41:00 AM,8:01:00 AM,dark,enriched
PV13_D_34_O2,PV13_D,P. verrucosa,13,2,D2,34,7:41:00 AM,8:01:00 AM,dark,enriched
PV17_D_34_O2,PV17_D,P. verrucosa,17,6,D2,34,7:41:00 AM,8:01:00 AM,dark,control
PV19_D_34_O2,PV19_D,P. verrucosa,19,3,D2,34,7:41:00 AM,8:01:00 AM,dark,control
PV23_D_34_O2,PV23_D,P. verrucosa,23,9,D2,34,7:41:00 AM,8:01:00 AM,dark,control
PV25_D_34_O2,PV25_D,P. verrucosa,25,1,D2,34,7:41:00 AM,8:01:00 AM,dark,control
BLANK3_D_34_O2,BLANK3_D,P. verrucosa,BLANK,7,D2,34,7:41:00 AM,8:01:00 AM,dark,BLANK
BLANK4_D_34_O2,BLANK4_D,P. verrucosa,BLANK,10,D2,34,7:41:00 AM,8:01:00 AM,dark,BLANK
PV1_D_36_O2,PV1_D,P. verrucosa,1,8,D2,36,8:28:00 AM,8:50:00 AM,dark,enriched
PV2_D_36_O2,PV2_D,P. verrucosa,2,4,D2,36,8:28:00 AM,8:50:00 AM,dark,enriched
PV7_D_36_O2,PV7_D,P. verrucosa,7,5,D2,36,8:28:00 AM,8:50:00 AM,dark,enriched
PV13_D_36_O2,PV13_D,P. verrucosa,13,2,D2,36,8:28:00 AM,8:50:00 AM,dark,enriched
PV17_D_36_O2,PV17_D,P. verrucosa,17,6,D2,36,8:28:00 AM,8:50:00 AM,dark,control
PV19_D_36_O2,PV19_D,P. verrucosa,19,3,D2,36,8:28:00 AM,8:50:00 AM,dark,control
PV23_D_36_O2,PV23_D,P. verrucosa,23,9,D2,36,8:28:00 AM,8:50:00 AM,dark,control
PV25_D_36_O2,PV25_D,P. verrucosa,25,1,D2,36,8:28:00 AM,8:50:00 AM,dark,control
BLANK3_D_36_O2,BLANK3_D,P. verrucosa,BLANK,7,D2,36,8:28:00 AM,8:50:00 AM,dark,BLANK
BLANK4_D_36_O2,BLANK4_D,P. verrucosa,BLANK,10,D2,36,8:28:00 AM,8:50:00 AM,dark,BLANK
PV1_D_37_O2,PV1_D,P. verrucosa,1,8,D2,37,9:06:00 AM,9:26:00 AM,dark,enriched
PV2_D_37_O2,PV2_D,P. verrucosa,2,4,D2,37,9:06:00 AM,9:26:00 AM,dark,enriched
PV7_D_37_O2,PV7_D,P. verrucosa,7,5,D2,37,9:06:00 AM,9:26:00 AM,dark,enriched
PV13_D_37_O2,PV13_D,P. verrucosa,13,2,D2,37,9:06:00 AM,9:26:00 AM,dark,enriched
PV17_D_37_O2,PV17_D,P. verrucosa,17,6,D2,37,9:06:00 AM,9:26:00 AM,dark,control
PV19_D_37_O2,PV19_D,P. verrucosa,19,3,D2,37,9:06:00 AM,9:26:00 AM,dark,control
PV23_D_37_O2,PV23_D,P. verrucosa,23,9,D2,37,9:06:00 AM,9:26:00 AM,dark,control
PV25_D_37_O2,PV25_D,P. verrucosa,25,1,D2,37,9:06:00 AM,9:26:00 AM,dark,control
BLANK3_D_37_O2,BLANK3_D,P. verrucosa,BLANK,7,D2,37,9:06:00 AM,9:26:00 AM,dark,BLANK
BLANK4_D_37_O2,BLANK4_D,P. verrucosa,BLANK,10,D2,37,9:06:00 AM,9:26:00 AM,dark,BLANK
PV1_D_38_O2,PV1_D,P. verrucosa,1,8,D2,38,9:44:00 AM,10:04:00 AM,dark,enriched
PV2_D_38_O2,PV2_D,P. verrucosa,2,4,D2,38,9:44:00 AM,10:04:00 AM,dark,enriched
PV7_D_38_O2,PV7_D,P. verrucosa,7,5,D2,38,9:44:00 AM,10:04:00 AM,dark,enriched
PV13_D_38_O2,PV13_D,P. verrucosa,13,2,D2,38,9:44:00 AM,10:04:00 AM,dark,enriched
PV17_D_38_O2,PV17_D,P. verrucosa,17,6,D2,38,9:44:00 AM,10:04:00 AM,dark,control
PV19_D_38_O2,PV19_D,P. verrucosa,19,3,D2,38,9:44:00 AM,10:04:00 AM,dark,control
PV23_D_38_O2,PV23_D,P. verrucosa,23,9,D2,38,9:44:00 AM,10:04:00 AM,dark,control
PV25_D_38_O2,PV25_D,P. verrucosa,25,1,D2,38,9:44:00 AM,10:04:00 AM,dark,control
BLANK3_D_38_O2,BLANK3_D,P. verrucosa,BLANK,7,D2,38,9:44:00 AM,10:04:00 AM,dark,BLANK
BLANK4_D_38_O2,BLANK4_D,P. verrucosa,BLANK,10,D2,38,9:44:00 AM,10:04:00 AM,dark,BLANK
PV1_D_39_O2,PV1_D,P. verrucosa,1,8,D2,39,10:23:00 AM,10:43:00 AM,dark,enriched
PV2_D_39_O2,PV2_D,P. verrucosa,2,4,D2,39,10:23:00 AM,10:43:00 AM,dark,enriched
PV7_D_39_O2,PV7_D,P. verrucosa,7,5,D2,39,10:23:00 AM,10:43:00 AM,dark,enriched
PV13_D_39_O2,PV13_D,P. verrucosa,13,2,D2,39,10:23:00 AM,10:43:00 AM,dark,enriched
PV17_D_39_O2,PV17_D,P. verrucosa,17,6,D2,39,10:23:00 AM,10:43:00 AM,dark,control
PV19_D_39_O2,PV19_D,P. verrucosa,19,3,D2,39,10:23:00 AM,10:43:00 AM,dark,control
PV23_D_39_O2,PV23_D,P. verrucosa,23,9,D2,39,10:23:00 AM,10:43:00 AM,dark,control
PV25_D_39_O2,PV25_D,P. verrucosa,25,1,D2,39,10:23:00 AM,10:43:00 AM,dark,control
BLANK3_D_39_O2,BLANK3_D,P. verrucosa,BLANK,7,D2,39,10:23:00 AM,10:43:00 AM,dark,BLANK
BLANK4_D_39_O2,BLANK4_D,P. verrucosa,BLANK,10,D2,39,10:23:00 AM,10:43:00 AM,dark,BLANK
PV1_L_20_O2,PV1_L,P. verrucosa,1,9,L2,20,11:55:00 AM,12:15:00 PM,light,enriched
PV2_L_20_O2,PV2_L,P. verrucosa,2,2,L2,20,11:55:00 AM,12:15:00 PM,light,enriched
PV7_L_20_O2,PV7_L,P. verrucosa,7,5,L2,20,11:55:00 AM,12:15:00 PM,light,enriched
PV13_L_20_O2,PV13_L,P. verrucosa,13,3,L2,20,11:55:00 AM,12:15:00 PM,light,enriched
PV17_L_20_O2,PV17_L,P. verrucosa,17,6,L2,20,11:55:00 AM,12:15:00 PM,light,control
PV19_L_20_O2,PV19_L,P. verrucosa,19,4,L2,20,11:55:00 AM,12:15:00 PM,light,control
PV23_L_20_O2,PV23_L,P. verrucosa,23,10,L2,20,11:55:00 AM,12:15:00 PM,light,control
PV25_L_20_O2,PV25_L,P. verrucosa,25,1,L2,20,11:55:00 AM,12:15:00 PM,light,control
BLANK3_L_20_O2,BLANK3_L,P. verrucosa,BLANK,8,L2,20,11:55:00 AM,12:15:00 PM,light,BLANK
BLANK4_L_20_O2,BLANK4_L,P. verrucosa,BLANK,7,L2,20,11:55:00 AM,12:15:00 PM,light,BLANK
PV1_L_22_O2,PV1_L,P. verrucosa,1,9,L2,22,12:31:00 PM,12:51:00 PM,light,enriched
PV2_L_22_O2,PV2_L,P. verrucosa,2,2,L2,22,12:31:00 PM,12:51:00 PM,light,enriched
PV7_L_22_O2,PV7_L,P. verrucosa,7,5,L2,22,12:31:00 PM,12:51:00 PM,light,enriched
PV13_L_22_O2,PV13_L,P. verrucosa,13,3,L2,22,12:31:00 PM,12:51:00 PM,light,enriched
PV17_L_22_O2,PV17_L,P. verrucosa,17,6,L2,22,12:31:00 PM,12:51:00 PM,light,control
PV19_L_22_O2,PV19_L,P. verrucosa,19,4,L2,22,12:31:00 PM,12:51:00 PM,light,control
PV23_L_22_O2,PV23_L,P. verrucosa,23,10,L2,22,12:31:00 PM,12:51:00 PM,light,control
PV25_L_22_O2,PV25_L,P. verrucosa,25,1,L2,22,12:31:00 PM,12:51:00 PM,light,control
BLANK3_L_22_O2,BLANK3_L,P. verrucosa,BLANK,8,L2,22,12:31:00 PM,12:51:00 PM,light,BLANK
BLANK4_L_22_O2,BLANK4_L,P. verrucosa,BLANK,7,L2,22,12:31:00 PM,12:51:00 PM,light,BLANK
PV1_L_24_O2,PV1_L,P. verrucosa,1,9,L2,24,1:05:00 PM,1:25:00 PM,light,enriched
PV2_L_24_O2,PV2_L,P. verrucosa,2,2,L2,24,1:05:00 PM,1:25:00 PM,light,enriched
PV7_L_24_O2,PV7_L,P. verrucosa,7,5,L2,24,1:05:00 PM,1:25:00 PM,light,enriched
PV13_L_24_O2,PV13_L,P. verrucosa,13,3,L2,24,1:05:00 PM,1:25:00 PM,light,enriched
PV17_L_24_O2,PV17_L,P. verrucosa,17,6,L2,24,1:05:00 PM,1:25:00 PM,light,control
PV19_L_24_O2,PV19_L,P. verrucosa,19,4,L2,24,1:05:00 PM,1:25:00 PM,light,control
PV23_L_24_O2,PV23_L,P. verrucosa,23,10,L2,24,1:05:00 PM,1:25:00 PM,light,control
PV25_L_24_O2,PV25_L,P. verrucosa,25,1,L2,24,1:05:00 PM,1:25:00 PM,light,control
BLANK3_L_24_O2,BLANK3_L,P. verrucosa,BLANK,8,L2,24,1:05:00 PM,1:25:00 PM,light,BLANK
BLANK4_L_24_O2,BLANK4_L,P. verrucosa,BLANK,7,L2,24,1:05:00 PM,1:25:00 PM,light,BLANK
PV1_L_28_O2,PV1_L,P. verrucosa,1,9,L2,28,1:52:00 PM,2:12:00 PM,light,enriched
PV2_L_28_O2,PV2_L,P. verrucosa,2,2,L2,28,1:52:00 PM,2:12:00 PM,light,enriched
PV7_L_28_O2,PV7_L,P. verrucosa,7,5,L2,28,1:52:00 PM,2:12:00 PM,light,enriched
PV13_L_28_O2,PV13_L,P. verrucosa,13,3,L2,28,1:52:00 PM,2:12:00 PM,light,enriched
PV17_L_28_O2,PV17_L,P. verrucosa,17,6,L2,28,1:52:00 PM,2:12:00 PM,light,control
PV19_L_28_O2,PV19_L,P. verrucosa,19,4,L2,28,1:52:00 PM,2:12:00 PM,light,control
PV23_L_28_O2,PV23_L,P. verrucosa,23,10,L2,28,1:52:00 PM,2:12:00 PM,light,control
PV25_L_28_O2,PV25_L,P. verrucosa,25,1,L2,28,1:52:00 PM,2:12:00 PM,light,control
BLANK3_L_28_O2,BLANK3_L,P. verrucosa,BLANK,8,L2,28,1:52:00 PM,2:12:00 PM,light,BLANK
BLANK4_L_28_O2,BLANK4_L,P. verrucosa,BLANK,7,L2,28,1:52:00 PM,2:12:00 PM,light,BLANK
PV1_L_30_O2,PV1_L,P. verrucosa,1,9,L2,30,2:26:00 PM,2:50:00 PM,light,enriched
PV2_L_30_O2,PV2_L,P. verrucosa,2,2,L2,30,2:26:00 PM,2:46:00 PM,light,enriched
PV7_L_30_O2,PV7_L,P. verrucosa,7,5,L2,30,2:26:00 PM,2:46:00 PM,light,enriched
PV13_L_30_O2,PV13_L,P. verrucosa,13,3,L2,30,2:26:00 PM,2:46:00 PM,light,enriched
PV17_L_30_O2,PV17_L,P. verrucosa,17,6,L2,30,2:26:00 PM,2:46:00 PM,light,control
PV19_L_30_O2,PV19_L,P. verrucosa,19,4,L2,30,2:26:00 PM,2:46:00 PM,light,control
PV23_L_30_O2,PV23_L,P. verrucosa,23,10,L2,30,2:26:00 PM,2:46:00 PM,light,control
PV25_L_30_O2,PV25_L,P. verrucosa,25,1,L2,30,2:26:00 PM,2:46:00 PM,light,control
BLANK3_L_30_O2,BLANK3_L,P. verrucosa,BLANK,8,L2,30,2:26:00 PM,2:46:00 PM,light,BLANK
BLANK4_L_30_O2,BLANK4_L,P. verrucosa,BLANK,7,L2,30,2:26:00 PM,2:46:00 PM,light,BLANK
PV1_L_32_O2,PV1_L,P. verrucosa,1,9,L2,32,3:01:00 PM,3:21:00 PM,light,enriched
PV2_L_32_O2,PV2_L,P. verrucosa,2,2,L2,32,3:01:00 PM,3:21:00 PM,light,enriched
PV7_L_32_O2,PV7_L,P. verrucosa,7,5,L2,32,3:01:00 PM,3:21:00 PM,light,enriched
PV13_L_32_O2,PV13_L,P. verrucosa,13,3,L2,32,3:01:00 PM,3:21:00 PM,light,enriched
PV17_L_32_O2,PV17_L,P. verrucosa,17,6,L2,32,3:01:00 PM,3:21:00 PM,light,control
PV19_L_32_O2,PV19_L,P. verrucosa,19,4,L2,32,3:01:00 PM,3:21:00 PM,light,control
PV23_L_32_O2,PV23_L,P. verrucosa,23,10,L2,32,3:01:00 PM,3:21:00 PM,light,control
PV25_L_32_O2,PV25_L,P. verrucosa,25,1,L2,32,3:01:00 PM,3:21:00 PM,light,control
BLANK3_L_32_O2,BLANK3_L,P. verrucosa,BLANK,8,L2,32,3:01:00 PM,3:21:00 PM,light,BLANK
BLANK4_L_32_O2,BLANK4_L,P. verrucosa,BLANK,7,L2,32,3:01:00 PM,3:21:00 PM,light,BLANK
PV1_L_34_O2,PV1_L,P. verrucosa,1,9,L2,34,3:34:00 PM,3:54:00 PM,light,enriched
PV2_L_34_O2,PV2_L,P. verrucosa,2,2,L2,34,3:34:00 PM,3:54:00 PM,light,enriched
PV7_L_34_O2,PV7_L,P. verrucosa,7,5,L2,34,3:34:00 PM,3:54:00 PM,light,enriched
PV13_L_34_O2,PV13_L,P. verrucosa,13,3,L2,34,3:34:00 PM,3:54:00 PM,light,enriched
PV17_L_34_O2,PV17_L,P. verrucosa,17,6,L2,34,3:34:00 PM,3:54:00 PM,light,control
PV19_L_34_O2,PV19_L,P. verrucosa,19,4,L2,34,3:34:00 PM,3:54:00 PM,light,control
PV23_L_34_O2,PV23_L,P. verrucosa,23,10,L2,34,3:34:00 PM,3:54:00 PM,light,control
PV25_L_34_O2,PV25_L,P. verrucosa,25,1,L2,34,3:34:00 PM,3:54:00 PM,light,control
BLANK3_L_34_O2,BLANK3_L,P. verrucosa,BLANK,8,L2,34,3:34:00 PM,3:54:00 PM,light,BLANK
BLANK4_L_34_O2,BLANK4_L,P. verrucosa,BLANK,7,L2,34,3:34:00 PM,3:54:00 PM,light,BLANK
PV1_L_36_O2,PV1_L,P. verrucosa,1,9,L2,36,4:08:00 PM,4:28:00 PM,light,enriched
PV2_L_36_O2,PV2_L,P. verrucosa,2,2,L2,36,4:08:00 PM,4:28:00 PM,light,enriched
PV7_L_36_O2,PV7_L,P. verrucosa,7,5,L2,36,4:08:00 PM,4:28:00 PM,light,enriched
PV13_L_36_O2,PV13_L,P. verrucosa,13,3,L2,36,4:08:00 PM,4:28:00 PM,light,enriched
PV17_L_36_O2,PV17_L,P. verrucosa,17,6,L2,36,4:08:00 PM,4:28:00 PM,light,control
PV19_L_36_O2,PV19_L,P. verrucosa,19,4,L2,36,4:08:00 PM,4:28:00 PM,light,control
PV23_L_36_O2,PV23_L,P. verrucosa,23,10,L2,36,4:08:00 PM,4:28:00 PM,light,control
PV25_L_36_O2,PV25_L,P. verrucosa,25,1,L2,36,4:08:00 PM,4:28:00 PM,light,control
BLANK3_L_36_O2,BLANK3_L,P. verrucosa,BLANK,8,L2,36,4:08:00 PM,4:28:00 PM,light,BLANK
BLANK4_L_36_O2,BLANK4_L,P. verrucosa,BLANK,7,L2,36,4:08:00 PM,4:28:00 PM,light,BLANK
PV1_L_37_O2,PV1_L,P. verrucosa,1,9,L2,37,4:38:00 PM,4:58:00 PM,light,enriched
PV2_L_37_O2,PV2_L,P. verrucosa,2,2,L2,37,4:38:00 PM,4:58:00 PM,light,enriched
PV7_L_37_O2,PV7_L,P. verrucosa,7,5,L2,37,4:38:00 PM,4:58:00 PM,light,enriched
PV13_L_37_O2,PV13_L,P. verrucosa,13,3,L2,37,4:38:00 PM,4:58:00 PM,light,enriched
PV17_L_37_O2,PV17_L,P. verrucosa,17,6,L2,37,4:38:00 PM,4:58:00 PM,light,control
PV19_L_37_O2,PV19_L,P. verrucosa,19,4,L2,37,4:38:00 PM,4:58:00 PM,light,control
PV23_L_37_O2,PV23_L,P. verrucosa,23,10,L2,37,4:38:00 PM,4:58:00 PM,light,control
PV25_L_37_O2,PV25_L,P. verrucosa,25,1,L2,37,4:38:00 PM,4:58:00 PM,light,control
BLANK3_L_37_O2,BLANK3_L,P. verrucosa,BLANK,8,L2,37,4:38:00 PM,4:58:00 PM,light,BLANK
BLANK4_L_37_O2,BLANK4_L,P. verrucosa,BLANK,7,L2,37,4:38:00 PM,4:58:00 PM,light,BLANK
PV4_D_20_O2,PV4_D,P. verrucosa,4,6,D3,20,4:06:00 AM,4:26:00 AM,dark,enriched
PV5_D_20_O2,PV5_D,P. verrucosa,5,10,D3,20,4:06:00 AM,4:26:00 AM,dark,enriched
PV9_D_20_O2,PV9_D,P. verrucosa,9,3,D3,20,4:06:00 AM,4:26:00 AM,dark,enriched
PV10_D_20_O2,PV10_D,P. verrucosa,10,7,D3,20,4:06:00 AM,4:26:00 AM,dark,enriched
PV18_D_20_O2,PV18_D,P. verrucosa,18,9,D3,20,4:06:00 AM,4:26:00 AM,dark,control
PV20_D_20_O2,PV20_D,P. verrucosa,20,2,D3,20,4:06:00 AM,4:26:00 AM,dark,control
PV22_D_20_O2,PV22_D,P. verrucosa,22,1,D3,20,4:06:00 AM,4:26:00 AM,dark,control
PV24_D_20_O2,PV24_D,P. verrucosa,24,4,D3,20,4:06:00 AM,4:26:00 AM,dark,control
BLANK5_D_20_O2,BLANK5_D,P. verrucosa,BLANK,8,D3,20,4:06:00 AM,4:26:00 AM,dark,BLANK
BLANK6_D_20_O2,BLANK6_D,P. verrucosa,BLANK,5,D3,20,4:06:00 AM,4:26:00 AM,dark,BLANK
PV4_D_22_O2,PV4_D,P. verrucosa,4,6,D3,22,4:41:00 AM,5:01:00 AM,dark,enriched
PV5_D_22_O2,PV5_D,P. verrucosa,5,10,D3,22,4:41:00 AM,5:01:00 AM,dark,enriched
PV9_D_22_O2,PV9_D,P. verrucosa,9,3,D3,22,4:41:00 AM,5:01:00 AM,dark,enriched
PV10_D_22_O2,PV10_D,P. verrucosa,10,7,D3,22,4:41:00 AM,5:01:00 AM,dark,enriched
PV18_D_22_O2,PV18_D,P. verrucosa,18,9,D3,22,4:41:00 AM,5:01:00 AM,dark,control
PV20_D_22_O2,PV20_D,P. verrucosa,20,2,D3,22,4:41:00 AM,5:01:00 AM,dark,control
PV22_D_22_O2,PV22_D,P. verrucosa,22,1,D3,22,4:41:00 AM,5:01:00 AM,dark,control
PV24_D_22_O2,PV24_D,P. verrucosa,24,4,D3,22,4:41:00 AM,5:01:00 AM,dark,control
BLANK5_D_22_O2,BLANK5_D,P. verrucosa,BLANK,8,D3,22,4:41:00 AM,5:01:00 AM,dark,BLANK
BLANK6_D_22_O2,BLANK6_D,P. verrucosa,BLANK,5,D3,22,4:41:00 AM,5:01:00 AM,dark,BLANK
PV4_D_24_O2,PV4_D,P. verrucosa,4,6,D3,24,5:15:00 AM,5:35:00 AM,dark,enriched
PV5_D_24_O2,PV5_D,P. verrucosa,5,10,D3,24,5:15:00 AM,5:35:00 AM,dark,enriched
PV9_D_24_O2,PV9_D,P. verrucosa,9,3,D3,24,5:15:00 AM,5:35:00 AM,dark,enriched
PV10_D_24_O2,PV10_D,P. verrucosa,10,7,D3,24,5:15:00 AM,5:35:00 AM,dark,enriched
PV18_D_24_O2,PV18_D,P. verrucosa,18,9,D3,24,5:15:00 AM,5:35:00 AM,dark,control
PV20_D_24_O2,PV20_D,P. verrucosa,20,2,D3,24,5:15:00 AM,5:35:00 AM,dark,control
PV22_D_24_O2,PV22_D,P. verrucosa,22,1,D3,24,5:15:00 AM,5:35:00 AM,dark,control
PV24_D_24_O2,PV24_D,P. verrucosa,24,4,D3,24,5:15:00 AM,5:35:00 AM,dark,control
BLANK5_D_24_O2,BLANK5_D,P. verrucosa,BLANK,8,D3,24,5:15:00 AM,5:35:00 AM,dark,BLANK
BLANK6_D_24_O2,BLANK6_D,P. verrucosa,BLANK,5,D3,24,5:15:00 AM,5:35:00 AM,dark,BLANK
PV4_D_28_O2,PV4_D,P. verrucosa,4,6,D3,28,5:56:00 AM,6:16:00 AM,dark,enriched
PV5_D_28_O2,PV5_D,P. verrucosa,5,10,D3,28,5:56:00 AM,6:16:00 AM,dark,enriched
PV9_D_28_O2,PV9_D,P. verrucosa,9,3,D3,28,5:56:00 AM,6:16:00 AM,dark,enriched
PV10_D_28_O2,PV10_D,P. verrucosa,10,7,D3,28,5:56:00 AM,6:16:00 AM,dark,enriched
PV18_D_28_O2,PV18_D,P. verrucosa,18,9,D3,28,5:56:00 AM,6:16:00 AM,dark,control
PV20_D_28_O2,PV20_D,P. verrucosa,20,2,D3,28,5:56:00 AM,6:16:00 AM,dark,control
PV22_D_28_O2,PV22_D,P. verrucosa,22,1,D3,28,5:56:00 AM,6:16:00 AM,dark,control
PV24_D_28_O2,PV24_D,P. verrucosa,24,4,D3,28,5:56:00 AM,6:16:00 AM,dark,control
BLANK5_D_28_O2,BLANK5_D,P. verrucosa,BLANK,8,D3,28,5:56:00 AM,6:16:00 AM,dark,BLANK
BLANK6_D_28_O2,BLANK6_D,P. verrucosa,BLANK,5,D3,28,5:56:00 AM,6:16:00 AM,dark,BLANK
PV4_D_30_O2,PV4_D,P. verrucosa,4,6,D3,30,6:31:00 AM,6:51:00 AM,dark,enriched
PV5_D_30_O2,PV5_D,P. verrucosa,5,10,D3,30,6:31:00 AM,6:51:00 AM,dark,enriched
PV9_D_30_O2,PV9_D,P. verrucosa,9,3,D3,30,6:31:00 AM,6:51:00 AM,dark,enriched
PV10_D_30_O2,PV10_D,P. verrucosa,10,7,D3,30,6:31:00 AM,6:51:00 AM,dark,enriched
PV18_D_30_O2,PV18_D,P. verrucosa,18,9,D3,30,6:31:00 AM,6:51:00 AM,dark,control
PV20_D_30_O2,PV20_D,P. verrucosa,20,2,D3,30,6:31:00 AM,6:51:00 AM,dark,control
PV22_D_30_O2,PV22_D,P. verrucosa,22,1,D3,30,6:31:00 AM,6:51:00 AM,dark,control
PV24_D_30_O2,PV24_D,P. verrucosa,24,4,D3,30,6:31:00 AM,6:51:00 AM,dark,control
BLANK5_D_30_O2,BLANK5_D,P. verrucosa,BLANK,8,D3,30,6:31:00 AM,6:51:00 AM,dark,BLANK
BLANK6_D_30_O2,BLANK6_D,P. verrucosa,BLANK,5,D3,30,6:31:00 AM,6:51:00 AM,dark,BLANK
PV4_D_32_O2,PV4_D,P. verrucosa,4,6,D3,32,7:04:00 AM,7:24:00 AM,dark,enriched
PV5_D_32_O2,PV5_D,P. verrucosa,5,10,D3,32,7:04:00 AM,7:24:00 AM,dark,enriched
PV9_D_32_O2,PV9_D,P. verrucosa,9,3,D3,32,7:04:00 AM,7:24:00 AM,dark,enriched
PV10_D_32_O2,PV10_D,P. verrucosa,10,7,D3,32,7:04:00 AM,7:24:00 AM,dark,enriched
PV18_D_32_O2,PV18_D,P. verrucosa,18,9,D3,32,7:04:00 AM,7:24:00 AM,dark,control
PV20_D_32_O2,PV20_D,P. verrucosa,20,2,D3,32,7:04:00 AM,7:24:00 AM,dark,control
PV22_D_32_O2,PV22_D,P. verrucosa,22,1,D3,32,7:04:00 AM,7:24:00 AM,dark,control
PV24_D_32_O2,PV24_D,P. verrucosa,24,4,D3,32,7:04:00 AM,7:24:00 AM,dark,control
BLANK5_D_32_O2,BLANK5_D,P. verrucosa,BLANK,8,D3,32,7:04:00 AM,7:24:00 AM,dark,BLANK
BLANK6_D_32_O2,BLANK6_D,P. verrucosa,BLANK,5,D3,32,7:04:00 AM,7:24:00 AM,dark,BLANK
PV4_D_34_O2,PV4_D,P. verrucosa,4,6,D3,34,7:38:00 AM,7:58:00 AM,dark,enriched
PV5_D_34_O2,PV5_D,P. verrucosa,5,10,D3,34,7:38:00 AM,7:58:00 AM,dark,enriched
PV9_D_34_O2,PV9_D,P. verrucosa,9,3,D3,34,7:38:00 AM,7:58:00 AM,dark,enriched
PV10_D_34_O2,PV10_D,P. verrucosa,10,7,D3,34,7:38:00 AM,7:58:00 AM,dark,enriched
PV18_D_34_O2,PV18_D,P. verrucosa,18,9,D3,34,7:38:00 AM,7:58:00 AM,dark,control
PV20_D_34_O2,PV20_D,P. verrucosa,20,2,D3,34,7:38:00 AM,7:58:00 AM,dark,control
PV22_D_34_O2,PV22_D,P. verrucosa,22,1,D3,34,7:38:00 AM,7:58:00 AM,dark,control
PV24_D_34_O2,PV24_D,P. verrucosa,24,4,D3,34,7:38:00 AM,7:58:00 AM,dark,control
BLANK5_D_34_O2,BLANK5_D,P. verrucosa,BLANK,8,D3,34,7:38:00 AM,7:58:00 AM,dark,BLANK
BLANK6_D_34_O2,BLANK6_D,P. verrucosa,BLANK,5,D3,34,7:38:00 AM,7:58:00 AM,dark,BLANK
PV4_D_36_O2,PV4_D,P. verrucosa,4,6,D3,36,8:22:00 AM,8:42:00 AM,dark,enriched
PV5_D_36_O2,PV5_D,P. verrucosa,5,10,D3,36,8:22:00 AM,8:42:00 AM,dark,enriched
PV9_D_36_O2,PV9_D,P. verrucosa,9,3,D3,36,8:22:00 AM,8:42:00 AM,dark,enriched
PV10_D_36_O2,PV10_D,P. verrucosa,10,7,D3,36,8:22:00 AM,8:42:00 AM,dark,enriched
PV18_D_36_O2,PV18_D,P. verrucosa,18,9,D3,36,8:22:00 AM,8:42:00 AM,dark,control
PV20_D_36_O2,PV20_D,P. verrucosa,20,2,D3,36,8:22:00 AM,8:42:00 AM,dark,control
PV22_D_36_O2,PV22_D,P. verrucosa,22,1,D3,36,8:22:00 AM,8:42:00 AM,dark,control
PV24_D_36_O2,PV24_D,P. verrucosa,24,4,D3,36,8:22:00 AM,8:42:00 AM,dark,control
BLANK5_D_36_O2,BLANK5_D,P. verrucosa,BLANK,8,D3,36,8:22:00 AM,8:42:00 AM,dark,BLANK
BLANK6_D_36_O2,BLANK6_D,P. verrucosa,BLANK,5,D3,36,8:22:00 AM,8:42:00 AM,dark,BLANK
PV4_D_37_O2,PV4_D,P. verrucosa,4,6,D3,37,8:55:00 AM,9:15:00 AM,dark,enriched
PV5_D_37_O2,PV5_D,P. verrucosa,5,10,D3,37,8:55:00 AM,9:15:00 AM,dark,enriched
PV9_D_37_O2,PV9_D,P. verrucosa,9,3,D3,37,8:55:00 AM,9:15:00 AM,dark,enriched
PV10_D_37_O2,PV10_D,P. verrucosa,10,7,D3,37,8:55:00 AM,9:15:00 AM,dark,enriched
PV18_D_37_O2,PV18_D,P. verrucosa,18,9,D3,37,8:55:00 AM,9:15:00 AM,dark,control
PV20_D_37_O2,PV20_D,P. verrucosa,20,2,D3,37,8:55:00 AM,9:15:00 AM,dark,control
PV22_D_37_O2,PV22_D,P. verrucosa,22,1,D3,37,8:55:00 AM,9:15:00 AM,dark,control
PV24_D_37_O2,PV24_D,P. verrucosa,24,4,D3,37,8:55:00 AM,9:15:00 AM,dark,control
BLANK5_D_37_O2,BLANK5_D,P. verrucosa,BLANK,8,D3,37,8:55:00 AM,9:15:00 AM,dark,BLANK
BLANK6_D_37_O2,BLANK6_D,P. verrucosa,BLANK,5,D3,37,8:55:00 AM,9:15:00 AM,dark,BLANK
PV4_D_38_O2,PV4_D,P. verrucosa,4,6,D3,38,9:32:00 AM,9:52:00 AM,dark,enriched
PV5_D_38_O2,PV5_D,P. verrucosa,5,10,D3,38,9:32:00 AM,9:52:00 AM,dark,enriched
PV9_D_38_O2,PV9_D,P. verrucosa,9,3,D3,38,9:32:00 AM,9:52:00 AM,dark,enriched
PV10_D_38_O2,PV10_D,P. verrucosa,10,7,D3,38,9:32:00 AM,9:52:00 AM,dark,enriched
PV18_D_38_O2,PV18_D,P. verrucosa,18,9,D3,38,9:32:00 AM,9:52:00 AM,dark,control
PV20_D_38_O2,PV20_D,P. verrucosa,20,2,D3,38,9:32:00 AM,9:52:00 AM,dark,control
PV22_D_38_O2,PV22_D,P. verrucosa,22,1,D3,38,9:32:00 AM,9:52:00 AM,dark,control
PV24_D_38_O2,PV24_D,P. verrucosa,24,4,D3,38,9:32:00 AM,9:52:00 AM,dark,control
BLANK5_D_38_O2,BLANK5_D,P. verrucosa,BLANK,8,D3,38,9:32:00 AM,9:52:00 AM,dark,BLANK
BLANK6_D_38_O2,BLANK6_D,P. verrucosa,BLANK,5,D3,38,9:32:00 AM,9:52:00 AM,dark,BLANK
PV4_D_39_O2,PV4_D,P. verrucosa,4,6,D3,39,10:07:00 AM,10:27:00 AM,dark,enriched
PV5_D_39_O2,PV5_D,P. verrucosa,5,10,D3,39,10:07:00 AM,10:27:00 AM,dark,enriched
PV9_D_39_O2,PV9_D,P. verrucosa,9,3,D3,39,10:07:00 AM,10:27:00 AM,dark,enriched
PV10_D_39_O2,PV10_D,P. verrucosa,10,7,D3,39,10:07:00 AM,10:27:00 AM,dark,enriched
PV18_D_39_O2,PV18_D,P. verrucosa,18,9,D3,39,10:07:00 AM,10:30:00 AM,dark,control
PV20_D_39_O2,PV20_D,P. verrucosa,20,2,D3,39,10:07:00 AM,10:27:00 AM,dark,control
PV22_D_39_O2,PV22_D,P. verrucosa,22,1,D3,39,10:07:00 AM,10:27:00 AM,dark,control
PV24_D_39_O2,PV24_D,P. verrucosa,24,4,D3,39,10:07:00 AM,10:27:00 AM,dark,control
BLANK5_D_39_O2,BLANK5_D,P. verrucosa,BLANK,8,D3,39,10:07:00 AM,10:27:00 AM,dark,BLANK
PV4_L_20_O2,PV4_L,P. verrucosa,4,7,L3,20,11:57:00 AM,12:17:00 PM,light,enriched
PV5_L_20_O2,PV5_L,P. verrucosa,5,1,L3,20,11:57:00 AM,12:17:00 PM,light,enriched
PV9_L_20_O2,PV9_L,P. verrucosa,9,2,L3,20,11:57:00 AM,12:17:00 PM,light,enriched
PV10_L_20_O2,PV10_L,P. verrucosa,10,10,L3,20,11:57:00 AM,12:17:00 PM,light,enriched
PV18_L_20_O2,PV18_L,P. verrucosa,18,3,L3,20,11:57:00 AM,12:17:00 PM,light,control
PV20_L_20_O2,PV20_L,P. verrucosa,20,5,L3,20,11:57:00 AM,12:17:00 PM,light,control
PV22_L_20_O2,PV22_L,P. verrucosa,22,8,L3,20,11:57:00 AM,12:17:00 PM,light,control
PV24_L_20_O2,PV24_L,P. verrucosa,24,4,L3,20,11:57:00 AM,12:17:00 PM,light,control
BLANK5_L_20_O2,BLANK5_L,P. verrucosa,BLANK,6,L3,20,11:57:00 AM,12:17:00 PM,light,BLANK
BLANK6_L_20_O2,BLANK5_L,P. verrucosa,BLANK,9,L3,20,11:57:00 AM,12:17:00 PM,light,BLANK
PV4_L_22_O2,PV4_L,P. verrucosa,4,7,L3,22,12:35:00 PM,12:55:00 PM,light,enriched
PV5_L_22_O2,PV5_L,P. verrucosa,5,1,L3,22,12:35:00 PM,12:55:00 PM,light,enriched
PV9_L_22_O2,PV9_L,P. verrucosa,9,2,L3,22,12:35:00 PM,12:55:00 PM,light,enriched
PV10_L_22_O2,PV10_L,P. verrucosa,10,10,L3,22,12:35:00 PM,12:55:00 PM,light,enriched
PV18_L_22_O2,PV18_L,P. verrucosa,18,3,L3,22,12:35:00 PM,12:55:00 PM,light,control
PV20_L_22_O2,PV20_L,P. verrucosa,20,5,L3,22,12:35:00 PM,12:55:00 PM,light,control
PV22_L_22_O2,PV22_L,P. verrucosa,22,8,L3,22,12:35:00 PM,12:55:00 PM,light,control
PV24_L_22_O2,PV24_L,P. verrucosa,24,4,L3,22,12:35:00 PM,12:55:00 PM,light,control
BLANK5_L_22_O2,BLANK5_L,P. verrucosa,BLANK,6,L3,22,12:35:00 PM,12:55:00 PM,light,BLANK
BLANK6_L_22_O2,BLANK5_L,P. verrucosa,BLANK,9,L3,22,12:35:00 PM,12:55:00 PM,light,BLANK
PV4_L_24_O2,PV4_L,P. verrucosa,4,7,L3,24,1:08:00 PM,1:28:00 PM,light,enriched
PV5_L_24_O2,PV5_L,P. verrucosa,5,1,L3,24,1:08:00 PM,1:28:00 PM,light,enriched
PV9_L_24_O2,PV9_L,P. verrucosa,9,2,L3,24,1:08:00 PM,1:28:00 PM,light,enriched
PV10_L_24_O2,PV10_L,P. verrucosa,10,10,L3,24,1:08:00 PM,1:28:00 PM,light,enriched
PV18_L_24_O2,PV18_L,P. verrucosa,18,3,L3,24,1:08:00 PM,1:28:00 PM,light,control
PV20_L_24_O2,PV20_L,P. verrucosa,20,5,L3,24,1:08:00 PM,1:28:00 PM,light,control
PV22_L_24_O2,PV22_L,P. verrucosa,22,8,L3,24,1:08:00 PM,1:28:00 PM,light,control
PV24_L_24_O2,PV24_L,P. verrucosa,24,4,L3,24,1:08:00 PM,1:28:00 PM,light,control
BLANK5_L_24_O2,BLANK5_L,P. verrucosa,BLANK,6,L3,24,1:08:00 PM,1:28:00 PM,light,BLANK
BLANK6_L_24_O2,BLANK5_L,P. verrucosa,BLANK,9,L3,24,1:08:00 PM,1:28:00 PM,light,BLANK
PV4_L_28_O2,PV4_L,P. verrucosa,4,7,L3,28,1:53:00 PM,2:13:00 PM,light,enriched
PV5_L_28_O2,PV5_L,P. verrucosa,5,1,L3,28,1:53:00 PM,2:13:00 PM,light,enriched
PV9_L_28_O2,PV9_L,P. verrucosa,9,2,L3,28,1:53:00 PM,2:13:00 PM,light,enriched
PV10_L_28_O2,PV10_L,P. verrucosa,10,10,L3,28,1:53:00 PM,2:13:00 PM,light,enriched
PV18_L_28_O2,PV18_L,P. verrucosa,18,3,L3,28,1:53:00 PM,2:13:00 PM,light,control
PV20_L_28_O2,PV20_L,P. verrucosa,20,5,L3,28,1:53:00 PM,2:13:00 PM,light,control
PV22_L_28_O2,PV22_L,P. verrucosa,22,8,L3,28,1:53:00 PM,2:13:00 PM,light,control
PV24_L_28_O2,PV24_L,P. verrucosa,24,4,L3,28,1:53:00 PM,2:13:00 PM,light,control
BLANK5_L_28_O2,BLANK5_L,P. verrucosa,BLANK,6,L3,28,1:53:00 PM,2:13:00 PM,light,BLANK
BLANK6_L_28_O2,BLANK5_L,P. verrucosa,BLANK,9,L3,28,1:53:00 PM,2:13:00 PM,light,BLANK
PV4_L_30_O2,PV4_L,P. verrucosa,4,7,L3,30,2:28:00 PM,2:48:00 PM,light,enriched
PV5_L_30_O2,PV5_L,P. verrucosa,5,1,L3,30,2:28:00 PM,2:48:00 PM,light,enriched
PV9_L_30_O2,PV9_L,P. verrucosa,9,2,L3,30,2:28:00 PM,2:48:00 PM,light,enriched
PV10_L_30_O2,PV10_L,P. verrucosa,10,10,L3,30,2:28:00 PM,2:48:00 PM,light,enriched
PV18_L_30_O2,PV18_L,P. verrucosa,18,3,L3,30,2:28:00 PM,2:48:00 PM,light,control
PV20_L_30_O2,PV20_L,P. verrucosa,20,5,L3,30,2:28:00 PM,2:48:00 PM,light,control
PV22_L_30_O2,PV22_L,P. verrucosa,22,8,L3,30,2:28:00 PM,2:48:00 PM,light,control
PV24_L_30_O2,PV24_L,P. verrucosa,24,4,L3,30,2:28:00 PM,2:48:00 PM,light,control
BLANK5_L_30_O2,BLANK5_L,P. verrucosa,BLANK,6,L3,30,2:28:00 PM,2:48:00 PM,light,BLANK
BLANK6_L_30_O2,BLANK5_L,P. verrucosa,BLANK,9,L3,30,2:28:00 PM,2:48:00 PM,light,BLANK
PV4_L_32_O2,PV4_L,P. verrucosa,4,7,L3,32,3:02:00 PM,3:22:00 PM,light,enriched
PV5_L_32_O2,PV5_L,P. verrucosa,5,1,L3,32,3:02:00 PM,3:22:00 PM,light,enriched
PV9_L_32_O2,PV9_L,P. verrucosa,9,2,L3,32,3:02:00 PM,3:22:00 PM,light,enriched
PV10_L_32_O2,PV10_L,P. verrucosa,10,10,L3,32,3:02:00 PM,3:22:00 PM,light,enriched
PV18_L_32_O2,PV18_L,P. verrucosa,18,3,L3,32,3:02:00 PM,3:22:00 PM,light,control
PV20_L_32_O2,PV20_L,P. verrucosa,20,5,L3,32,3:02:00 PM,3:22:00 PM,light,control
PV22_L_32_O2,PV22_L,P. verrucosa,22,8,L3,32,3:02:00 PM,3:22:00 PM,light,control
PV24_L_32_O2,PV24_L,P. verrucosa,24,4,L3,32,3:02:00 PM,3:22:00 PM,light,control
BLANK5_L_32_O2,BLANK5_L,P. verrucosa,BLANK,6,L3,32,3:02:00 PM,3:22:00 PM,light,BLANK
BLANK6_L_32_O2,BLANK5_L,P. verrucosa,BLANK,9,L3,32,3:02:00 PM,3:22:00 PM,light,BLANK
PV4_L_34_O2,PV4_L,P. verrucosa,4,7,L3,34,3:43:00 PM,4:03:00 PM,light,enriched
PV5_L_34_O2,PV5_L,P. verrucosa,5,1,L3,34,3:43:00 PM,4:03:00 PM,light,enriched
PV9_L_34_O2,PV9_L,P. verrucosa,9,2,L3,34,3:43:00 PM,4:03:00 PM,light,enriched
PV10_L_34_O2,PV10_L,P. verrucosa,10,10,L3,34,3:43:00 PM,4:03:00 PM,light,enriched
PV18_L_34_O2,PV18_L,P. verrucosa,18,3,L3,34,3:43:00 PM,4:03:00 PM,light,control
PV20_L_34_O2,PV20_L,P. verrucosa,20,5,L3,34,3:43:00 PM,4:03:00 PM,light,control
PV22_L_34_O2,PV22_L,P. verrucosa,22,8,L3,34,3:43:00 PM,4:03:00 PM,light,control
PV24_L_34_O2,PV24_L,P. verrucosa,24,4,L3,34,3:43:00 PM,4:03:00 PM,light,control
BLANK5_L_34_O2,BLANK5_L,P. verrucosa,BLANK,6,L3,34,3:43:00 PM,4:03:00 PM,light,BLANK
BLANK6_L_34_O2,BLANK5_L,P. verrucosa,BLANK,9,L3,34,3:43:00 PM,4:03:00 PM,light,BLANK
PV4_L_36_O2,PV4_L,P. verrucosa,4,7,L3,36,4:18:00 PM,4:38:00 PM,light,enriched
PV5_L_36_O2,PV5_L,P. verrucosa,5,1,L3,36,4:18:00 PM,4:38:00 PM,light,enriched
PV9_L_36_O2,PV9_L,P. verrucosa,9,2,L3,36,4:18:00 PM,4:38:00 PM,light,enriched
PV10_L_36_O2,PV10_L,P. verrucosa,10,10,L3,36,4:18:00 PM,4:38:00 PM,light,enriched
PV18_L_36_O2,PV18_L,P. verrucosa,18,3,L3,36,4:18:00 PM,4:38:00 PM,light,control
PV20_L_36_O2,PV20_L,P. verrucosa,20,5,L3,36,4:18:00 PM,4:38:00 PM,light,control
PV22_L_36_O2,PV22_L,P. verrucosa,22,8,L3,36,4:18:00 PM,4:38:00 PM,light,control
PV24_L_36_O2,PV24_L,P. verrucosa,24,4,L3,36,4:18:00 PM,4:38:00 PM,light,control
BLANK5_L_36_O2,BLANK5_L,P. verrucosa,BLANK,6,L3,36,4:18:00 PM,4:38:00 PM,light,BLANK
BLANK6_L_36_O2,BLANK5_L,P. verrucosa,BLANK,9,L3,36,4:18:00 PM,4:38:00 PM,light,BLANK
PV4_L_37_O2,PV4_L,P. verrucosa,4,7,L3,37,4:56:00 PM,5:16:00 PM,light,enriched
PV5_L_37_O2,PV5_L,P. verrucosa,5,1,L3,37,4:56:00 PM,5:16:00 PM,light,enriched
PV9_L_37_O2,PV9_L,P. verrucosa,9,2,L3,37,4:56:00 PM,5:16:00 PM,light,enriched
PV10_L_37_O2,PV10_L,P. verrucosa,10,10,L3,37,4:56:00 PM,5:16:00 PM,light,enriched
PV18_L_37_O2,PV18_L,P. verrucosa,18,3,L3,37,4:56:00 PM,5:16:00 PM,light,control
PV20_L_37_O2,PV20_L,P. verrucosa,20,5,L3,37,4:56:00 PM,5:16:00 PM,light,control
PV22_L_37_O2,PV22_L,P. verrucosa,22,8,L3,37,4:56:00 PM,5:16:00 PM,light,control
PV24_L_37_O2,PV24_L,P. verrucosa,24,4,L3,37,4:56:00 PM,5:16:00 PM,light,control
BLANK5_L_37_O2,BLANK5_L,P. verrucosa,BLANK,6,L3,37,4:56:00 PM,5:16:00 PM,light,BLANK
BLANK6_L_37_O2,BLANK5_L,P. verrucosa,BLANK,9,L3,37,4:56:00 PM,5:16:00 PM,light,BLANK
PV12_D_20_O2,PV12_D,P. verrucosa,12,8,D4,20,4:10:00 AM,4:30:00 AM,dark,enriched
PV14_D_20_O2,PV14_D,P. verrucosa,14,4,D4,20,4:10:00 AM,4:30:00 AM,dark,enriched
PV15_D_20_O2,PV15_D,P. verrucosa,15,5,D4,20,4:10:00 AM,4:30:00 AM,dark,enriched
PV16_D_20_O2,PV16_D,P. verrucosa,16,6,D4,20,4:10:00 AM,4:30:00 AM,dark,enriched
PV26_D_20_O2,PV26_D,P. verrucosa,26,7,D4,20,4:10:00 AM,4:30:00 AM,dark,control
PV27_D_20_O2,PV27_D,P. verrucosa,27,3,D4,20,4:10:00 AM,4:30:00 AM,dark,control
PV28_D_20_O2,PV28_D,P. verrucosa,28,9,D4,20,4:10:00 AM,4:30:00 AM,dark,control
PV31_D_20_O2,PV31_D,P. verrucosa,31,2,D4,20,4:10:00 AM,4:30:00 AM,dark,control
BLANK7_D_20_O2,BLANK7_D,P. verrucosa,BLANK,10,D4,20,4:10:00 AM,4:30:00 AM,dark,BLANK
BLANK8_D_20_O2,BLANK8_D,P. verrucosa,BLANK,1,D4,20,4:10:00 AM,4:30:00 AM,dark,BLANK
PV12_D_22_O2,PV12_D,P. verrucosa,12,8,D4,22,4:46:00 AM,5:06:00 AM,dark,enriched
PV14_D_22_O2,PV14_D,P. verrucosa,14,4,D4,22,4:46:00 AM,5:06:00 AM,dark,enriched
PV15_D_22_O2,PV15_D,P. verrucosa,15,5,D4,22,4:46:00 AM,5:06:00 AM,dark,enriched
PV16_D_22_O2,PV16_D,P. verrucosa,16,6,D4,22,4:46:00 AM,5:06:00 AM,dark,enriched
PV26_D_22_O2,PV26_D,P. verrucosa,26,7,D4,22,4:46:00 AM,5:06:00 AM,dark,control
PV27_D_22_O2,PV27_D,P. verrucosa,27,3,D4,22,4:46:00 AM,5:06:00 AM,dark,control
PV28_D_22_O2,PV28_D,P. verrucosa,28,9,D4,22,4:46:00 AM,5:06:00 AM,dark,control
PV31_D_22_O2,PV31_D,P. verrucosa,31,2,D4,22,4:46:00 AM,5:06:00 AM,dark,control
BLANK7_D_22_O2,BLANK7_D,P. verrucosa,BLANK,10,D4,22,4:46:00 AM,5:06:00 AM,dark,BLANK
BLANK8_D_22_O2,BLANK8_D,P. verrucosa,BLANK,1,D4,22,4:46:00 AM,5:06:00 AM,dark,BLANK
PV12_D_24_O2,PV12_D,P. verrucosa,12,8,D4,24,5:21:00 AM,5:41:00 AM,dark,enriched
PV14_D_24_O2,PV14_D,P. verrucosa,14,4,D4,24,5:21:00 AM,5:41:00 AM,dark,enriched
PV15_D_24_O2,PV15_D,P. verrucosa,15,5,D4,24,5:21:00 AM,5:41:00 AM,dark,enriched
PV16_D_24_O2,PV16_D,P. verrucosa,16,6,D4,24,5:21:00 AM,5:41:00 AM,dark,enriched
PV26_D_24_O2,PV26_D,P. verrucosa,26,7,D4,24,5:21:00 AM,5:41:00 AM,dark,control
PV27_D_24_O2,PV27_D,P. verrucosa,27,3,D4,24,5:21:00 AM,5:41:00 AM,dark,control
PV28_D_24_O2,PV28_D,P. verrucosa,28,9,D4,24,5:21:00 AM,5:41:00 AM,dark,control
PV31_D_24_O2,PV31_D,P. verrucosa,31,2,D4,24,5:21:00 AM,5:41:00 AM,dark,control
BLANK7_D_24_O2,BLANK7_D,P. verrucosa,BLANK,10,D4,24,5:21:00 AM,5:41:00 AM,dark,BLANK
BLANK8_D_24_O2,BLANK8_D,P. verrucosa,BLANK,1,D4,24,5:21:00 AM,5:41:00 AM,dark,BLANK
PV12_D_28_O2,PV12_D,P. verrucosa,12,8,D4,28,6:03:00 AM,6:23:00 AM,dark,enriched
PV14_D_28_O2,PV14_D,P. verrucosa,14,4,D4,28,6:03:00 AM,6:23:00 AM,dark,enriched
PV15_D_28_O2,PV15_D,P. verrucosa,15,5,D4,28,6:03:00 AM,6:23:00 AM,dark,enriched
PV16_D_28_O2,PV16_D,P. verrucosa,16,6,D4,28,6:03:00 AM,6:23:00 AM,dark,enriched
PV26_D_28_O2,PV26_D,P. verrucosa,26,7,D4,28,6:03:00 AM,6:23:00 AM,dark,control
PV27_D_28_O2,PV27_D,P. verrucosa,27,3,D4,28,6:03:00 AM,6:23:00 AM,dark,control
PV28_D_28_O2,PV28_D,P. verrucosa,28,9,D4,28,6:03:00 AM,6:23:00 AM,dark,control
PV31_D_28_O2,PV31_D,P. verrucosa,31,2,D4,28,6:03:00 AM,6:23:00 AM,dark,control
BLANK7_D_28_O2,BLANK7_D,P. verrucosa,BLANK,10,D4,28,6:03:00 AM,6:23:00 AM,dark,BLANK
BLANK8_D_28_O2,BLANK8_D,P. verrucosa,BLANK,1,D4,28,6:03:00 AM,6:23:00 AM,dark,BLANK
PV12_D_30_O2,PV12_D,P. verrucosa,12,8,D4,30,6:37:00 AM,6:57:00 AM,dark,enriched
PV14_D_30_O2,PV14_D,P. verrucosa,14,4,D4,30,6:37:00 AM,6:57:00 AM,dark,enriched
PV15_D_30_O2,PV15_D,P. verrucosa,15,5,D4,30,6:37:00 AM,6:57:00 AM,dark,enriched
PV16_D_30_O2,PV16_D,P. verrucosa,16,6,D4,30,6:37:00 AM,6:57:00 AM,dark,enriched
PV26_D_30_O2,PV26_D,P. verrucosa,26,7,D4,30,6:37:00 AM,6:57:00 AM,dark,control
PV27_D_30_O2,PV27_D,P. verrucosa,27,3,D4,30,6:37:00 AM,6:57:00 AM,dark,control
PV28_D_30_O2,PV28_D,P. verrucosa,28,9,D4,30,6:37:00 AM,6:57:00 AM,dark,control
PV31_D_30_O2,PV31_D,P. verrucosa,31,2,D4,30,6:37:00 AM,6:57:00 AM,dark,control
BLANK7_D_30_O2,BLANK7_D,P. verrucosa,BLANK,10,D4,30,6:37:00 AM,6:57:00 AM,dark,BLANK
BLANK8_D_30_O2,BLANK8_D,P. verrucosa,BLANK,1,D4,30,6:37:00 AM,6:57:00 AM,dark,BLANK
PV12_D_32_O2,PV12_D,P. verrucosa,12,8,D4,32,7:13:00 AM,7:33:00 AM,dark,enriched
PV14_D_32_O2,PV14_D,P. verrucosa,14,4,D4,32,7:13:00 AM,7:33:00 AM,dark,enriched
PV15_D_32_O2,PV15_D,P. verrucosa,15,5,D4,32,7:13:00 AM,7:33:00 AM,dark,enriched
PV16_D_32_O2,PV16_D,P. verrucosa,16,6,D4,32,7:13:00 AM,7:33:00 AM,dark,enriched
PV26_D_32_O2,PV26_D,P. verrucosa,26,7,D4,32,7:13:00 AM,7:33:00 AM,dark,control
PV27_D_32_O2,PV27_D,P. verrucosa,27,3,D4,32,7:13:00 AM,7:33:00 AM,dark,control
PV28_D_32_O2,PV28_D,P. verrucosa,28,9,D4,32,7:13:00 AM,7:33:00 AM,dark,control
PV31_D_32_O2,PV31_D,P. verrucosa,31,2,D4,32,7:13:00 AM,7:33:00 AM,dark,control
BLANK7_D_32_O2,BLANK7_D,P. verrucosa,BLANK,10,D4,32,7:13:00 AM,7:33:00 AM,dark,BLANK
BLANK8_D_32_O2,BLANK8_D,P. verrucosa,BLANK,1,D4,32,7:13:00 AM,7:33:00 AM,dark,BLANK
PV12_D_34_O2,PV12_D,P. verrucosa,12,8,D4,34,7:47:00 AM,8:07:00 AM,dark,enriched
PV14_D_34_O2,PV14_D,P. verrucosa,14,4,D4,34,7:47:00 AM,8:07:00 AM,dark,enriched
PV15_D_34_O2,PV15_D,P. verrucosa,15,5,D4,34,7:47:00 AM,8:07:00 AM,dark,enriched
PV16_D_34_O2,PV16_D,P. verrucosa,16,6,D4,34,7:47:00 AM,8:07:00 AM,dark,enriched
PV26_D_34_O2,PV26_D,P. verrucosa,26,7,D4,34,7:47:00 AM,8:07:00 AM,dark,control
PV27_D_34_O2,PV27_D,P. verrucosa,27,3,D4,34,7:47:00 AM,8:07:00 AM,dark,control
PV28_D_34_O2,PV28_D,P. verrucosa,28,9,D4,34,7:47:00 AM,8:07:00 AM,dark,control
PV31_D_34_O2,PV31_D,P. verrucosa,31,2,D4,34,7:47:00 AM,8:07:00 AM,dark,control
BLANK7_D_34_O2,BLANK7_D,P. verrucosa,BLANK,10,D4,34,7:47:00 AM,8:07:00 AM,dark,BLANK
BLANK8_D_34_O2,BLANK8_D,P. verrucosa,BLANK,1,D4,34,7:47:00 AM,8:07:00 AM,dark,BLANK
PV12_D_36_O2,PV12_D,P. verrucosa,12,8,D4,36,8:33:00 AM,8:54:00 AM,dark,enriched
PV14_D_36_O2,PV14_D,P. verrucosa,14,4,D4,36,8:33:00 AM,8:54:00 AM,dark,enriched
PV15_D_36_O2,PV15_D,P. verrucosa,15,5,D4,36,8:33:00 AM,8:54:00 AM,dark,enriched
PV16_D_36_O2,PV16_D,P. verrucosa,16,6,D4,36,8:33:00 AM,8:54:00 AM,dark,enriched
PV26_D_36_O2,PV26_D,P. verrucosa,26,7,D4,36,8:33:00 AM,8:54:00 AM,dark,control
PV27_D_36_O2,PV27_D,P. verrucosa,27,3,D4,36,8:33:00 AM,8:54:00 AM,dark,control
PV28_D_36_O2,PV28_D,P. verrucosa,28,9,D4,36,8:33:00 AM,8:54:00 AM,dark,control
PV31_D_36_O2,PV31_D,P. verrucosa,31,2,D4,36,8:33:00 AM,8:54:00 AM,dark,control
BLANK7_D_36_O2,BLANK7_D,P. verrucosa,BLANK,10,D4,36,8:33:00 AM,8:54:00 AM,dark,BLANK
BLANK8_D_36_O2,BLANK8_D,P. verrucosa,BLANK,1,D4,36,8:33:00 AM,8:54:00 AM,dark,BLANK
PV12_D_37_O2,PV12_D,P. verrucosa,12,8,D4,37,9:09:00 AM,9:29:00 AM,dark,enriched
PV14_D_37_O2,PV14_D,P. verrucosa,14,4,D4,37,9:09:00 AM,9:29:00 AM,dark,enriched
PV15_D_37_O2,PV15_D,P. verrucosa,15,5,D4,37,9:09:00 AM,9:29:00 AM,dark,enriched
PV16_D_37_O2,PV16_D,P. verrucosa,16,6,D4,37,9:09:00 AM,9:29:00 AM,dark,enriched
PV26_D_37_O2,PV26_D,P. verrucosa,26,7,D4,37,9:09:00 AM,9:29:00 AM,dark,control
PV27_D_37_O2,PV27_D,P. verrucosa,27,3,D4,37,9:09:00 AM,9:29:00 AM,dark,control
PV28_D_37_O2,PV28_D,P. verrucosa,28,9,D4,37,9:09:00 AM,9:29:00 AM,dark,control
PV31_D_37_O2,PV31_D,P. verrucosa,31,2,D4,37,9:09:00 AM,9:29:00 AM,dark,control
BLANK7_D_37_O2,BLANK7_D,P. verrucosa,BLANK,10,D4,37,9:09:00 AM,9:29:00 AM,dark,BLANK
BLANK8_D_37_O2,BLANK8_D,P. verrucosa,BLANK,1,D4,37,9:09:00 AM,9:29:00 AM,dark,BLANK
PV12_D_38_O2,PV12_D,P. verrucosa,12,8,D4,38,9:42:00 AM,10:02:00 AM,dark,enriched
PV14_D_38_O2,PV14_D,P. verrucosa,14,4,D4,38,9:42:00 AM,10:02:00 AM,dark,enriched
PV15_D_38_O2,PV15_D,P. verrucosa,15,5,D4,38,9:42:00 AM,10:02:00 AM,dark,enriched
PV16_D_38_O2,PV16_D,P. verrucosa,16,6,D4,38,9:42:00 AM,10:02:00 AM,dark,enriched
PV26_D_38_O2,PV26_D,P. verrucosa,26,7,D4,38,9:42:00 AM,10:02:00 AM,dark,control
PV27_D_38_O2,PV27_D,P. verrucosa,27,3,D4,38,9:42:00 AM,10:02:00 AM,dark,control
PV28_D_38_O2,PV28_D,P. verrucosa,28,9,D4,38,9:42:00 AM,10:02:00 AM,dark,control
PV31_D_38_O2,PV31_D,P. verrucosa,31,2,D4,38,9:42:00 AM,10:02:00 AM,dark,control
BLANK7_D_38_O2,BLANK7_D,P. verrucosa,BLANK,10,D4,38,9:42:00 AM,10:02:00 AM,dark,BLANK
BLANK8_D_38_O2,BLANK8_D,P. verrucosa,BLANK,1,D4,38,9:42:00 AM,10:02:00 AM,dark,BLANK
PV12_D_39_O2,PV12_D,P. verrucosa,12,8,D4,39,10:21:00 AM,10:41:00 AM,dark,enriched
PV14_D_39_O2,PV14_D,P. verrucosa,14,4,D4,39,10:21:00 AM,10:41:00 AM,dark,enriched
PV15_D_39_O2,PV15_D,P. verrucosa,15,5,D4,39,10:21:00 AM,10:41:00 AM,dark,enriched
PV16_D_39_O2,PV16_D,P. verrucosa,16,6,D4,39,10:21:00 AM,10:41:00 AM,dark,enriched
PV26_D_39_O2,PV26_D,P. verrucosa,26,7,D4,39,10:21:00 AM,10:41:00 AM,dark,control
PV27_D_39_O2,PV27_D,P. verrucosa,27,3,D4,39,10:21:00 AM,10:41:00 AM,dark,control
PV28_D_39_O2,PV28_D,P. verrucosa,28,9,D4,39,10:21:00 AM,10:41:00 AM,dark,control
PV31_D_39_O2,PV31_D,P. verrucosa,31,2,D4,39,10:21:00 AM,10:41:00 AM,dark,control
BLANK7_D_39_O2,BLANK7_D,P. verrucosa,BLANK,10,D4,39,10:21:00 AM,10:41:00 AM,dark,BLANK
BLANK8_D_39_O2,BLANK8_D,P. verrucosa,BLANK,1,D4,39,10:21:00 AM,10:41:00 AM,dark,BLANK
PV12_L_20_O2,PV12_L,P. verrucosa,12,,L4,20,11:55:00 AM,12:15:00 PM,light,enriched
PV14_L_20_O2,PV14_L,P. verrucosa,14,,L4,20,11:55:00 AM,12:15:00 PM,light,enriched
PV15_L_20_O2,PV15_L,P. verrucosa,15,,L4,20,11:55:00 AM,12:15:00 PM,light,enriched
PV16_L_20_O2,PV16_L,P. verrucosa,16,,L4,20,11:55:00 AM,12:15:00 PM,light,enriched
PV26_L_20_O2,PV26_L,P. verrucosa,26,,L4,20,11:55:00 AM,12:15:00 PM,light,control
PV27_L_20_O2,PV27_L,P. verrucosa,27,,L4,20,11:55:00 AM,12:15:00 PM,light,control
PV28_L_20_O2,PV28_L,P. verrucosa,28,,L4,20,11:55:00 AM,12:15:00 PM,light,control
PV31_L_20_O2,PV31_L,P. verrucosa,31,,L4,20,11:55:00 AM,12:15:00 PM,light,control
BLANK7_L_20_O2,BLANK7_L,P. verrucosa,BLANK,,L4,20,11:55:00 AM,12:15:00 PM,light,BLANK
BLANK8_L_20_O2,BLANK8_L,P. verrucosa,BLANK,,L4,20,11:55:00 AM,12:15:00 PM,light,BLANK
PV12_L_22_O2,PV12_L,P. verrucosa,12,,L4,22,12:29:00 PM,12:49:00 PM,light,enriched
PV14_L_22_O2,PV14_L,P. verrucosa,14,,L4,22,12:29:00 PM,12:49:00 PM,light,enriched
PV15_L_22_O2,PV15_L,P. verrucosa,15,,L4,22,12:29:00 PM,12:49:00 PM,light,enriched
PV16_L_22_O2,PV16_L,P. verrucosa,16,,L4,22,12:29:00 PM,12:49:00 PM,light,enriched
PV26_L_22_O2,PV26_L,P. verrucosa,26,,L4,22,12:29:00 PM,12:49:00 PM,light,control
PV27_L_22_O2,PV27_L,P. verrucosa,27,,L4,22,12:29:00 PM,12:49:00 PM,light,control
PV28_L_22_O2,PV28_L,P. verrucosa,28,,L4,22,12:29:00 PM,12:49:00 PM,light,control
PV31_L_22_O2,PV31_L,P. verrucosa,31,,L4,22,12:29:00 PM,12:49:00 PM,light,control
BLANK7_L_22_O2,BLANK7_L,P. verrucosa,BLANK,,L4,22,12:29:00 PM,12:49:00 PM,light,BLANK
BLANK8_L_22_O2,BLANK8_L,P. verrucosa,BLANK,,L4,22,12:29:00 PM,12:49:00 PM,light,BLANK
PV12_L_24_O2,PV12_L,P. verrucosa,12,,L4,24,1:02:00 PM,1:22:00 PM,light,enriched
PV14_L_24_O2,PV14_L,P. verrucosa,14,,L4,24,1:02:00 PM,1:22:00 PM,light,enriched
PV15_L_24_O2,PV15_L,P. verrucosa,15,,L4,24,1:02:00 PM,1:22:00 PM,light,enriched
PV16_L_24_O2,PV16_L,P. verrucosa,16,,L4,24,1:02:00 PM,1:22:00 PM,light,enriched
PV26_L_24_O2,PV26_L,P. verrucosa,26,,L4,24,1:02:00 PM,1:22:00 PM,light,control
PV27_L_24_O2,PV27_L,P. verrucosa,27,,L4,24,1:02:00 PM,1:22:00 PM,light,control
PV28_L_24_O2,PV28_L,P. verrucosa,28,,L4,24,1:02:00 PM,1:22:00 PM,light,control
PV31_L_24_O2,PV31_L,P. verrucosa,31,,L4,24,1:02:00 PM,1:22:00 PM,light,control
BLANK7_L_24_O2,BLANK7_L,P. verrucosa,BLANK,,L4,24,1:02:00 PM,1:22:00 PM,light,BLANK
BLANK8_L_24_O2,BLANK8_L,P. verrucosa,BLANK,,L4,24,1:02:00 PM,1:22:00 PM,light,BLANK
PV12_L_28_O2,PV12_L,P. verrucosa,12,,L4,28,1:46:00 PM,2:06:00 PM,light,enriched
PV14_L_28_O2,PV14_L,P. verrucosa,14,,L4,28,1:46:00 PM,2:06:00 PM,light,enriched
PV15_L_28_O2,PV15_L,P. verrucosa,15,,L4,28,1:46:00 PM,2:06:00 PM,light,enriched
PV16_L_28_O2,PV16_L,P. verrucosa,16,,L4,28,1:46:00 PM,2:06:00 PM,light,enriched
PV26_L_28_O2,PV26_L,P. verrucosa,26,,L4,28,1:46:00 PM,2:06:00 PM,light,control
PV27_L_28_O2,PV27_L,P. verrucosa,27,,L4,28,1:46:00 PM,2:06:00 PM,light,control
PV28_L_28_O2,PV28_L,P. verrucosa,28,,L4,28,1:46:00 PM,2:06:00 PM,light,control
PV31_L_28_O2,PV31_L,P. verrucosa,31,,L4,28,1:46:00 PM,2:06:00 PM,light,control
BLANK7_L_28_O2,BLANK7_L,P. verrucosa,BLANK,,L4,28,1:46:00 PM,2:06:00 PM,light,BLANK
BLANK8_L_28_O2,BLANK8_L,P. verrucosa,BLANK,,L4,28,1:46:00 PM,2:06:00 PM,light,BLANK
PV12_L_30_O2,PV12_L,P. verrucosa,12,,L4,30,2:23:00 PM,2:43:00 PM,light,enriched
PV14_L_30_O2,PV14_L,P. verrucosa,14,,L4,30,2:23:00 PM,2:43:00 PM,light,enriched
PV15_L_30_O2,PV15_L,P. verrucosa,15,,L4,30,2:23:00 PM,2:43:00 PM,light,enriched
PV16_L_30_O2,PV16_L,P. verrucosa,16,,L4,30,2:23:00 PM,2:43:00 PM,light,enriched
PV26_L_30_O2,PV26_L,P. verrucosa,26,,L4,30,2:23:00 PM,2:43:00 PM,light,control
PV27_L_30_O2,PV27_L,P. verrucosa,27,,L4,30,2:23:00 PM,2:43:00 PM,light,control
PV28_L_30_O2,PV28_L,P. verrucosa,28,,L4,30,2:23:00 PM,2:43:00 PM,light,control
PV31_L_30_O2,PV31_L,P. verrucosa,31,,L4,30,2:23:00 PM,2:43:00 PM,light,control
BLANK7_L_30_O2,BLANK7_L,P. verrucosa,BLANK,,L4,30,2:23:00 PM,2:43:00 PM,light,BLANK
BLANK8_L_30_O2,BLANK8_L,P. verrucosa,BLANK,,L4,30,2:23:00 PM,2:43:00 PM,light,BLANK
PV12_L_32_O2,PV12_L,P. verrucosa,12,,L4,32,2:56:00 PM,3:16:00 PM,light,enriched
PV14_L_32_O2,PV14_L,P. verrucosa,14,,L4,32,2:56:00 PM,3:16:00 PM,light,enriched
PV15_L_32_O2,PV15_L,P. verrucosa,15,,L4,32,2:56:00 PM,3:16:00 PM,light,enriched
PV16_L_32_O2,PV16_L,P. verrucosa,16,,L4,32,2:56:00 PM,3:16:00 PM,light,enriched
PV26_L_32_O2,PV26_L,P. verrucosa,26,,L4,32,2:56:00 PM,3:16:00 PM,light,control
PV27_L_32_O2,PV27_L,P. verrucosa,27,,L4,32,2:56:00 PM,3:16:00 PM,light,control
PV28_L_32_O2,PV28_L,P. verrucosa,28,,L4,32,2:56:00 PM,3:16:00 PM,light,control
PV31_L_32_O2,PV31_L,P. verrucosa,31,,L4,32,2:56:00 PM,3:16:00 PM,light,control
BLANK7_L_32_O2,BLANK7_L,P. verrucosa,BLANK,,L4,32,2:56:00 PM,3:16:00 PM,light,BLANK
BLANK8_L_32_O2,BLANK8_L,P. verrucosa,BLANK,,L4,32,2:56:00 PM,3:16:00 PM,light,BLANK
PV12_L_34_O2,PV12_L,P. verrucosa,12,,L4,34,3:32:00 PM,3:52:00 PM,light,enriched
PV14_L_34_O2,PV14_L,P. verrucosa,14,,L4,34,3:32:00 PM,3:52:00 PM,light,enriched
PV15_L_34_O2,PV15_L,P. verrucosa,15,,L4,34,3:32:00 PM,3:52:00 PM,light,enriched
PV16_L_34_O2,PV16_L,P. verrucosa,16,,L4,34,3:32:00 PM,3:52:00 PM,light,enriched
PV26_L_34_O2,PV26_L,P. verrucosa,26,,L4,34,3:32:00 PM,3:52:00 PM,light,control
PV27_L_34_O2,PV27_L,P. verrucosa,27,,L4,34,3:32:00 PM,3:52:00 PM,light,control
PV28_L_34_O2,PV28_L,P. verrucosa,28,,L4,34,3:32:00 PM,3:52:00 PM,light,control
PV31_L_34_O2,PV31_L,P. verrucosa,31,,L4,34,3:32:00 PM,3:52:00 PM,light,control
BLANK7_L_34_O2,BLANK7_L,P. verrucosa,BLANK,,L4,34,3:32:00 PM,3:52:00 PM,light,BLANK
BLANK8_L_34_O2,BLANK8_L,P. verrucosa,BLANK,,L4,34,3:32:00 PM,3:52:00 PM,light,BLANK
PV12_L_36_O2,PV12_L,P. verrucosa,12,,L4,36,4:07:00 PM,4:27:00 PM,light,enriched
PV14_L_36_O2,PV14_L,P. verrucosa,14,,L4,36,4:07:00 PM,4:27:00 PM,light,enriched
PV15_L_36_O2,PV15_L,P. verrucosa,15,,L4,36,4:07:00 PM,4:27:00 PM,light,enriched
PV16_L_36_O2,PV16_L,P. verrucosa,16,,L4,36,4:07:00 PM,4:27:00 PM,light,enriched
PV26_L_36_O2,PV26_L,P. verrucosa,26,,L4,36,4:07:00 PM,4:27:00 PM,light,control
PV27_L_36_O2,PV27_L,P. verrucosa,27,,L4,36,4:07:00 PM,4:27:00 PM,light,control
PV28_L_36_O2,PV28_L,P. verrucosa,28,,L4,36,4:07:00 PM,4:27:00 PM,light,control
PV31_L_36_O2,PV31_L,P. verrucosa,31,,L4,36,4:07:00 PM,4:27:00 PM,light,control
BLANK7_L_36_O2,BLANK7_L,P. verrucosa,BLANK,,L4,36,4:07:00 PM,4:27:00 PM,light,BLANK
BLANK8_L_36_O2,BLANK8_L,P. verrucosa,BLANK,,L4,36,4:07:00 PM,4:27:00 PM,light,BLANK
PV12_L_37_O2,PV12_L,P. verrucosa,12,,L4,37,4:38:00 PM,4:58:00 PM,light,enriched
PV14_L_37_O2,PV14_L,P. verrucosa,14,,L4,37,4:38:00 PM,4:58:00 PM,light,enriched
PV15_L_37_O2,PV15_L,P. verrucosa,15,,L4,37,4:38:00 PM,4:58:00 PM,light,enriched
PV16_L_37_O2,PV16_L,P. verrucosa,16,,L4,37,4:38:00 PM,4:58:00 PM,light,enriched
PV26_L_37_O2,PV26_L,P. verrucosa,26,,L4,37,4:38:00 PM,4:58:00 PM,light,control
PV27_L_37_O2,PV27_L,P. verrucosa,27,,L4,37,4:38:00 PM,4:58:00 PM,light,control
PV28_L_37_O2,PV28_L,P. verrucosa,28,,L4,37,4:38:00 PM,4:58:00 PM,light,control
PV31_L_37_O2,PV31_L,P. verrucosa,31,,L4,37,4:38:00 PM,4:58:00 PM,light,control
BLANK7_L_37_O2,BLANK7_L,P. verrucosa,BLANK,,L4,37,4:38:00 PM,4:58:00 PM,light,BLANK
BLANK8_L_37_O2,BLANK8_L,P. verrucosa,BLANK,,L4,37,4:38:00 PM,4:58:00 PM,light,BLANK